Tissue,CTaaA,CTaaB,Annotation
LIVER,CAAYNTDKLIF,CASSLGAGYTF,Adoptive T-cell therapy
LIVER,CAVMDSNYQLIW,CASSDTSGSYNEQFF,Adoptive T-cell therapy
LIVER,NA,CSARVYTEAFF,Advanced or metastatic solid tumors
LIVER,NA,CASTPGHKYEQYF,Aplastic anemia
LIVER,CAVGFSDGQKLLF,CASSLVGATYEQYF,Breast Cancer
LIVER,NA,CSARLGGGTDTQYF,"Children,TCRÎ±Î²-/CD19-depleted transplantation,WAS"
LIVER,CAVDTGGFKTIF,CASSLYRTTDTQYF,Head and neck squamous cell carcinoma
LIVER,NA,CASSPRGSGDTDTQYF,Healthy
LIVER,CAVVDSNYQLIW,CASSPRGSGDTDTQYF,Healthy
LIVER,CAVMDSNYQLIW,CASSFGGGHTDTQYF,Healthy
LIVER,CAVRDSNYQLIW,CASSQDPGQGADEQYF,Healthy
LIVER,CAVRDSNYQLIW,CASSDSSGANVLTF,Healthy
LIVER,CALSDTMTTDSWGKLQF,CASSEALEAFF,"HIV,ART"
LIVER,CACRSTNAGKSTF,CASSAGGSGANVLTF,Melanoma
LIVER,NA,CASSAGGSGANVLTF,Melanoma
LIVER,CAGQGEYGGSQGNLIF,CASSYGGAYGYTF,Melanoma
LIVER,CAVQAPGGKLIF,CASSTDGNYGYTF,Melanoma
LIVER,NA,CASSFGGRGYEQYF,Melanoma
LIVER,NA,CASSPGAREKLFF,Melanoma
LIVER,CVPWRYKLSF,CASSFPGSSYNEQFF,Melanoma
LIVER,CAVKDSNYQLIW,CASSHGQGGANVLTF,Multiple sclerosis
LIVER,CAAQTGNQFYF,CSVGQGGPADTQYF,Multiple sclerosis
LIVER,CAVTGNQFYF,CASSLGGLLYNEQFF,Non-small cell lung cancer
LIVER,NA,CASSLGGLLYNEQFF,Non-small cell lung cancer
LIVER,CATDAYSSYKLIF,CASRTPGNEQFF,"Non-small cell lung cancer,Adenocarcinoma"
LIVER,NA,CASRTPGNEQFF,"Non-small cell lung cancer,Adenocarcinoma"
LIVER,CAVMDSNYQLIW,CASRTPGNEQFF,"Non-small cell lung cancer,Adenocarcinoma"
LIVER,CALESSTLTF,CASSLGLAGTYEQYF,"Non-small cell lung cancer,Adenocarcinoma"
LIVER,NA,CASSIGGQIYTEAFF,"Non-small cell lung cancer,Adenocarcinoma"
LIVER,CAYRSPGSSNTGKLIF,CASSQNSYNSPLHF,"Non-small cell lung cancer,early-stage"
LIVER,CATDEDSWGKLQF,CSARKERGGLNEQFF,"Non-small cell lung cancer,early-stage"
LIVER,NA,CASSHRLAGRTDTQYF,"Non-small cell lung cancer,Ipilimumab,Radiation therapy,Non-evaluable"
LIVER,CAASSGYALNF,CASSYSGTGNTGELFF,"post-HSCT,Relapse,Acute myeloid leukemia"
LIVER,NA,CASSYSGTGNTGELFF,"post-HSCT,Relapse,Acute myeloid leukemia"
LIVER,CAGMDSNYQLIW,CASSDSSTDTQYF,Salmonella
LIVER,CAVMDSNYQLIW,CASSDSTGGGYTF,Salmonella enterica serova Paratyphi A
LIVER,NA,CASSYLDREGGYTF,Sarcoidosis
LIVER,CVVSSRMDSSYKLIF,CASSPGTGIYNEQFF,Solid Tumor
LIVER,NA,CASSPGTGIYNEQFF,Solid Tumor
LIVER,CAVLDSNYQLIW,CASTDREDTEAFF,T large granular lymphocyte leukemia
LIVER,NA,CASSLGESSYGYTF,T1D
LIVER,CAVIDSSYKLIF,CASSQEQGSGANVLTF,Unknown
LIVER,CAGEGSNFGNEKLTF,CASRDNYEQYF,VIral
LIVER,CAGGRRALTF,CASSPGTSGSTDTQYF,VIral
LIVER,CAVDMNYGGSQGNLIF,CASSESGQGYEQYF,VIral
LIVER,CAVMDSNYQLIW,CASRTGDTGELFF,VIral
LIVER,CAVQGDNQGGKLIF,CAWSVVDNEQFF,VIral
LIVER,CAVFSNTGKLIF,CASSSLESYEQYF,VIral
LIVER,NA,CASSLGTSTGELFF,VIral
LIVER,CAVVDSNYQLIW,CASSPGQSTDTQYF,VIral
LIVER,NA,CASRDNYEQYF,VIral
LIVER,NA,CASRTGDTGELFF,VIral
LIVER,NA,CASSFRRGSYEQYF,VIral
LIVER,NA,CASSLINEQFF,Viral
LIVER,CAGPNNAGNMLTF,CASSFRRSGLREKLFF,#N/A
LIVER,CAAMDSNYQLIW,CSARGVDDRALPNQETQYF,#N/A
LIVER,CAVMDSNYQLIW,CASTLAETSTDTQYF,#N/A
LIVER,CALSGYNAGNMLTF,CASCTGGTVYGYTF,#N/A
LIVER,CAVKDSNYQLIW,CASSPVGESGELFF,#N/A
LIVER,CAVVDSNYQLIW,CSASPPSVTYNEQFF,#N/A
LIVER,CAMSPISNFGNEKLTF,CASSFSGTWGGIPYEQYF,#N/A
LIVER,CASMDSNYQLIW,CAWNAGDTGELFF,#N/A
LIVER,NA,CASTLAETSTDTQYF,#N/A
LIVER,NA,CASSVTVRGSYEQYF,#N/A
LIVER,NA,CAWSRQGDQPQHF,#N/A
LIVER,CATYNYGQNFVF,CASSVTVRGSYEQYF,#N/A
LIVER,NA,CATSRESGSHGEQFF,#N/A
LIVER,NA,CSAKPGPSGYYEQYF,#N/A
LIVER,CARPSQYSGAGSYQLTF,CSAKPGPSGYYEQYF,#N/A
LIVER,CAGAPLDSNYQLIW,NA,#N/A
LIVER,CILAGDMRF,CSAKPGPSGYYEQYF,#N/A
LIVER,CAGAPLDSNYQLIW,CATSRESGSHGEQFF,#N/A
LIVER,CILAGDMRF;CARPSQYSGAGSYQLTF,CSAKPGPSGYYEQYF,#N/A
LIVER,CAVLSPDKLIF,NA,#N/A
LIVER,CAVSLGGGKLIF,NA,#N/A
LIVER,CLVGSNYGGSQGNLIF,CASSHPTRGSYNEQFF,#N/A
LIVER,CGTETGSWGKLQF,CASSLSGTKGDTGELFF,#N/A
LIVER,CACRSTNAGKSTF,NA,#N/A
LIVER,CAARIQGAQKLVF,CAWSVQGDQPQHF,#N/A
LIVER,CAARLQGAQKLVF,CAWSVQGDQPQHF,#N/A
LIVER,CAARTQGAQKLVF,CAWSVQGDQPQHF,#N/A
LIVER,NA,CAWSVQGDQPQHF,#N/A
LIVER,CAGYNQGGKLIF,NA,#N/A
LIVER,CAVLDSNYQLIW,NA,#N/A
LIVER,CAVRDRNNYGQNFVF,NA,#N/A
LIVER,CAVRDSNYQLIW,NA,#N/A
LIVER,CVVNGRGSSASKIIF,NA,#N/A
LIVER,CAVMDSNYQLIW,NA,#N/A
LIVER,CAENLNTGFQKLVF,NA,#N/A
LIVER,CAVRDSNYQLIW,NA,#N/A
LIVER,CAGMDSNYQLIW,NA,#N/A
LIVER,CATDARSGNTPLVF,NA,#N/A
LIVER,CAVNMWTGGFKTIF,CASSERPGRGGYTF,#N/A
LIVER,CAVRGPGAGSYQLTF,CASSIGRRASGYTF,#N/A
LIVER,CIVRVAGGETSGSRLTF,CASTTRAYGGGPGYTF,#N/A
LIVER,CAASEDYQLIW,CASSSMSGGGTIGYTF,#N/A
LIVER,CAAVGRGGGNKLTF,CASIPRDRGRKNYGYTF,#N/A
LIVER,CAVLYGNNRLAF,CASSFHPGTNSPLHF,#N/A
LIVER,CAGSMEYGNKLVF,CASSIWTIRGGDTQYF,#N/A
LIVER,CAGRTPGGATNKLIF,CASSRDRVHKLFF,#N/A
LIVER,CAMSKSGGGADGLTF,CASSSRAVTNTQYF,#N/A
LIVER,CAENLNTGFQKLVF,CASSLGYEQYF,#N/A
LIVER,CAYRTPSGSARQLTF,CSASPVAANSPLHF,#N/A
LIVER,CIVRVHTGNQFYF,CASSQTVLDGETQYF,#N/A
LIVER,NA,CASRRQETYNEQFF,#N/A
LIVER,CATLRNSGNTPLVF,CASTPFGTGELFF,#N/A
LIVER,CAASGSSNTGKLIF,CASSAVSRGSIGNTIYF,#N/A
LIVER,CALDMRSNYQLIW,CASSLVRTNTGELFF,#N/A
LIVER,CALHSGGYQKVTF,CASSEKDRFDNEQFF,#N/A
LIVER,NA,CASSLVRTNTGELFF,#N/A
LIVER,CALANTNAGKSTF,CASRRSTSGNTIYF,#N/A
LIVER,CAVGFGNVLHC,CASRTGYYGYTF,#N/A
LIVER,NA,CSASPVAANSPLHF,#N/A
LIVER,CAANYGQNFVF,CASGSHGQGETDTQYF,#N/A
LIVER,CAFMKPGEGAQKLVF,CASHPLGFYSNQPQHF,#N/A
LIVER,CALSVMDSSYKLIF,CAIELAVAGELFF,#N/A
LIVER,CGTVNNDMRF,CASSVGTGSNTEAFF,#N/A
LIVER,NA,CASSLFGDAGTATQYF,#N/A
LIVER,CAANKLTF,CASSLVAGRETQYF,#N/A
LIVER,CAASITLGAQKLVF,CASSLDGATQYF,#N/A
LIVER,CAEGTSYGKLTF,CASSKPPRGRNTIYF,#N/A
LIVER,CAMREPARHNNDMRF;CAAPGGSYIPTF,CATSATGRKDQPQHF,#N/A
LIVER,CAMSGAGGATNKLIF,CAISEGADGYTF,#N/A
LIVER,CAYRSARRTPLVF,CASSLVRLAGGPTGELFF,#N/A
LIVER,CVVRGPGRRALTF,CASSQDTSLTNEKLFF,#N/A
LIVER,CATDALLSGATNKLIF,CASRRQETYNEQFF,#N/A
LIVER,CATDAWGSQGNLIF,CASRSSGQETQYF,#N/A
LIVER,CAESQEEYGNKLVF,CASSRRQGSNIQYF,#N/A
LIVER,CAMGGDNNNDMRF,CASSYRRGNTEAFF,#N/A
LIVER,CLVGGAGSYQLTF,CASSLFGDAGTATQYF,#N/A
LIVER,CAPLGDDKIIF,CASIRDKGTDTQYF,#N/A
LIVER,CATDARSGNTPLVF,CASSLRGQGVRSPLHF,#N/A
LIVER,CATDDWGSQGNLIF,CASRRAGGDEQYF,#N/A
LIVER,NA,CASSQTVLDGETQYF,#N/A
LIVER,NA,CASSLGYEQYF,#N/A
LIVER,NA,CASTPFGTGELFF,#N/A
LIVER,CAEGLVNDMRF,CASSLRSGAKNIQYF,#N/A
LIVER,NA,CASRSSGQETQYF,#N/A
LIVER,NA,CASSLDGATQYF,#N/A
LIVER,NA,CASSRRQGSNIQYF,#N/A
LIVER,CAALDSNYQLIW,CASSQSSEVHEQYF,#N/A
LIVER,CALDSGGSNYKLTF,CASTPFGTGELFF,#N/A
LIVER,CAMSGGTGGSYIPTF,CASSPAAGEDQETQYF,#N/A
LIVER,CAPMDSNYQLIW,CASSDSGGAPYNEQFF,#N/A
LIVER,CAVLDSNYQLIW,CSAISPSGSNSLETQYF,#N/A
LIVER,CAVMDSNYQLIW,CSARQGENEQFF,#N/A
LIVER,CLVGDFDGYNKLIF,CASSPASGSYNSPLHF,#N/A
LIVER,CVVKAAGNKLTF,CASSYAESYGYTF,#N/A
LIVER,NA,CASADFSNQPQHF,#N/A
LIVER,NA,CASGSGEHQPQHF,#N/A
LIVER,NA,CASNRGTFTDTQYF,#N/A
LIVER,NA,CASSLDWGGGETQYF,#N/A
LIVER,NA,CATSPRPGPGYNEQFF,#N/A
LIVER,NA,CSAEGLAGYYEQYF,#N/A
LIVER,CAVGPPSGGSYIPTF,CAISESGTHVGYNEQFF,#N/A
LIVER,NA,CSARDRLMGKNIQYF,#N/A
LIVER,CALSPNTGNQFYF,CASSWLSGTGNTIYF,#N/A
LIVER,CATDAYSSYKLIF,CASRRDGSPMDGYTF,#N/A
LIVER,NA,CAISESGTHVGYNEQFF,#N/A
LIVER,NA,CASGPGTSRGYTF,#N/A
LIVER,NA,CASRPPRGLPYEQYF,#N/A
LIVER,NA,CASRRDGSPMDGYTF,#N/A
LIVER,NA,CASSEPQDYLNYEQYF,#N/A
LIVER,NA,CASSYSKPRTRANEQFF,#N/A
LIVER,NA,CSASGRAFGTEAFF,#N/A
LIVER,CALLDSNYQLIW,CASSTTPGQGAAEQYF,#N/A
LIVER,CAMRETRSNDYKLSF;CALSVKGNNRLAF,CSATTGQGITEAFF,#N/A
LIVER,CASRKQLTF;CAVRDSNYQLIW,CSARGEGDSQPQHF,#N/A
LIVER,CATDTGGGSNYKLTF,CASSQDRGLATTYNEQFF,#N/A
LIVER,CGFIGNQGGKLIF,CASSYGAALYEQFF,#N/A
LIVER,CAYRSARGNYQLIW,CASSLLIWGAHEQYF,#N/A
LIVER,NA,CASSPARETNTGELFF,#N/A
LIVER,CAASGGFNKFYF,CASSVGVADGYTF,#N/A
LIVER,CALRRANSGYALNF,CASSTYSGTVIF,#N/A
LIVER,CAVMDSNYQLIW,CASSERDTGEQYF,#N/A
LIVER,CAVMDSNYQLIW,CSARGPGQEETQYF,#N/A
LIVER,CAVRDTSNAGNMLTF,CATSSPSSEGLIGELFF,#N/A
