CTaa,n_cells
CAVEDRDDKIIF_CASSPQGARYYGYTF,431
CALLTGGGNKLTF_CSVEVRLISLAKLDTEAFF,303
NA_CASSLIFGTGGSYNEQFF,252
CAVKASGGSYIPTF_CASSPNSGAGGYTF,192
CAEYGNKLVF_CASTEKWGKSYEQYF,190
CAMDANQGGKLIF_CAWSGLTYEQYF,173
CALGETDSWGKLQF_CASSALGLEMNNEQFF,153
NA_CASSPQGARYYGYTF,131
CAYRSYGNQFYF_CASTLGPSGSDEQFF,102
NA_CASSESTGISEQYF,95
NA_CASSLGGAGDTQYF,95
NA_CASSESTGIQPQHF,92
CVADNQAGTALIF_CASSLELAGSSGANVLTF,91
CAASPNAGKSTF_CSANTLTGTSGGIETQYF,90
CAVMDSNYQLIW_CASSVKGTSGINEQFF,85
CALGETDSWGKLQF;CAVNTDKLIF_CASSALGLEMNNEQFF,81
CAGNSGGYQKVTF_CSAHGGGSTDTQYF,79
CAVSVPSGGSYIPTF_CASSLGGAGDTQYF,79
NA_CSAHGGGSTDTQYF,79
CALTNAGGTSYGKLTF;CAVQTGQGGSEKLVF_CASSDRDTLIVGEAFF,76
NA_CASNTMYEASSYNEQFF,71
CAASRSYNTDKLIF_CASSLGAAGDTEAFF,70
CACRSTNAGKSTF_CASSAGGSGANVLTF,69
NA_CASSETGTEAFF,69
CAGLSGASGTYKYIF_CASSLIFGTGGSYNEQFF,62
CALSDAGFQKLVF_CASSGQGSGNTEAFF,61
CAAGYGDNFNKFYF_CSALEAGVKETQYF,60
CGADNPHTGTASKLTF_CASSYRGDRAEAFF,60
CAVNTDKLIF_CASSALGLEMNNEQFF,58
NA_CASSALGLEMNNEQFF,57
CAEIGGGGGSQGNLIF_CASSETGTEAFF,55
CAGTNYQLIW_CASSPSAGETEAFF,54
CALGIYGGSQGNLIF_CASSANRVRTEAFF,54
CAVNINAGGTSYGKLTF_CASSAGHEGEPFVF,53
CAMRDDDTGTASKLTF_CASSLGVSGANVLTF,51
CAVTSGTYKYIF_CASSPFAGGTVGQFF,51
CAVQNNAGGTSYGKLTF_CASSSDAGWEQYF,48
NA_CASSESTGINEQFF,47
CAHNNAGNMLTF_CASSLGGGRTQYF,46
CAVKASGGSYIPTF_NA,44
CILAGDMRF_CSAKPGPSGYYEQYF,44
CAVMDSNYQLIW_NA,43
CAVYLLEAGTYKYIF_CASSYWGVGTDTQYF,43
CILSPRHHTGANSKLTF_CASSESGSGDEQYF,43
CALTNAGGTSYGKLTF_CASSDRDTLIVGEAFF,42
NA_CSVGRGDGYTF,41
NA_CASSPSAGETEAFF,38
CAFTLPGGTSYGKLTF_CASSVGAHRTGGTEAFF,36
CAMREPRDFGNEKLTF_CASSNYMDTGELFF,36
CAVAGGGSYIPTF_CASSQEGGNEGLTDTQYF,36
NA_CSALEAGVKETQYF,36
CALLNTGGFKTIF_NA,34
CAVVNEKLTF_CASSQDSDGELFF,34
CATDARQLTF_CASSLYGGPQETQYF,32
CAYRNAGNMLTF_CASSQLTSGGLYEQFF,32
CAFMGMDSNYQLIW_CASSLQYNEQFF,31
CAVSPPGAGSYQLTF_CAPPRLQETQYF;CASSPTWGQETQYF,31
CAARFTGGGNKLTF_CASSQEWQGYYQPQHF,29
CAFWGSGGGADGLTF_CASSSSGTNYGYTF,29
CAVEDRDDKIIF_NA,29
CAVRRWGGGADGLTF_CATSPRGRAEQFF,28
CILRGGNQFYF_CASRYGGNSPLHF,28
CAMSPLNNAGNMLTF_CSVGRGDGYTF,27
CILSPRHHTGANSKLTF;CAGQDAGGTSYGKLTF_CASSESGSGDEQYF,27
CAETPSGGKLIF_CATSGQSNEQFF,26
CATVATGANSKLTF_CASSLGQNMNTEAFF;CAAGGQRGVPSTDTQYF,26
NA_CASSWGQGTYGYTF,26
CAAIHSYSSASKIIF;CASSDGQKLLF_CASSLTGESSYNEQFF,25
CAARGIEGFGNVLHC_CASSLGTTDTQYF,25
CALSEPNRDDKIIF_CASSYSTVGEGLDEQFF,25
CAVGLTYNTDKLIF_CASRRMSYTF,25
CAVSGFSGGYNKLIF_CASSWGQGTYGYTF,25
CIVRVANAGGTSYGKLTF_CASSLGGQGHYEQYF,25
CAASYMYSGGGADGLTF_CASSPLVNYGYTF,24
CALGTSYGKLTF_CASSFRTGRQETQYF,24
CALYNNNDMRF_CASSLWWDRDDEQYF,24
CIVRVKNNARLMF_CASSQDGDSPLHF,24
CVVSLYNAGNMLTF_CASSPRDRDYEQYF,24
NA_CASSNYMDTGELFF,24
CALGRSGNTGKLIF_CASSQGGILNSPLHF,23
CIVPPSYLIQGAQKLVF;CAVPYNNNDMRF_CASSDSTGSYTF,23
NA_CASSLGYPGGGLPQHF,23
NA_CASSLPPNAGTYGYTF,23
NA_CASSPFAGGTVGQFF,23
CAFMKLNNAGNMLTF_CASSLPWGGPSEKLFF,22
CAVNTGNQFYF_CASSSPFREGLGYEQYF,22
NA_CAISESKAAGEETQYF,22
NA_CASSFEWNQDEKLFF,22
NA_CASSLDRQVLFF,22
NA_CSAKPGPSGYYEQYF,22
NA_CSVEVRLISLAKLDTEAFF,22
CAETYTGGFKTIF_CASSLPPNAGTYGYTF,21
CAGSTDSWGKLQF_CASMAGTGHYNEQFF,21
CAVRDGDDMRF_CASSVWLANTEAFF,21
CILRDVKNNNAGNMLTF;CAGQLRGTSYGKLTF_CAISRSDSPDEQYF,21
CALSVPTANNLFF_CSGGNRNGYTF,20
CALSVYGQNFVF_CASSFEWNQDEKLFF,20
CAMRELGYNAGKSTF_CAWSGDGQLTNEKLFF,20
CATEGDFGNEKLTF_CATSVSAGEEQFF,20
CATVLGARLMF_CASSPGLAGGIKETQYF,20
CAVKDSNYQLIW_CSASYPGQGSDGYTF,20
CAVNGRNARLMF_CASSLTSTDTQYF,20
CAVRDSNYQLIW_NA,20
CIQGEDAGNMLTF_CASTDGQKNTEAFF,20
CVVSERRNTGFQKLVF_CASRLGAGGGSYGYTF,20
NA_CASSSSGTNYGYTF,20
CALENPGANNLFF_CASSSGQGYTGELFF,19
CALESSTLTF_CASSLGLAGTYEQYF,19
CALVINNNDMRF_CASSYWAGRGDTQYF,19
CAVNMWTGGFKTIF_CASSERPGRGGYTF,19
CAWVAGSSNTGKLIF_CASSQDRNTQYF,19
CILSNNNAGNMLTF_CASSQEQSLPNYGYTF,19
CVVSAGQAGTALIF_CASTAMPGQGPGAKNIQYF,19
NA_CASSGSGERAFF,19
CALSDGSSNTGKLIF;CAVLYGNNRLAF_CASRRHLSGANVLTF,18
CAVDFRTYKYIF_CASSEFEGLLYEQYF,18
CAVRDYYNQGGKLIF_CASSHGLAEETQYF,18
CAYGESNFGNEKLTF_CASSQVGGHEQYF,18
CGAGLFGNEKLTF_CASSLRGLNEKLFF,18
NA_CASSVKGTSGINEQFF,18
CAARGTGGFKTIF;CAVYNQGGKLIF_CATRGRGETYNEQFF,17
CAFATTDSWGKLQF_CSATVRLGLVNEQYF,17
CAGPRKTSYDKVIF_CASSSANYGYTF,17
CATEEDFGNEKLTF_CATSFVSGEVQYF,17
CAVGEDSGTYKYIF_CASSEGDRGPVEKLFF,17
CAVRGIRDSNYQLIW_CASSMVGETQYF,17
CAVRSWGGGYQKVTF_CASNTMYEASSYNEQFF,17
CAYRNSGGGADGLTF_CASSLSLAQETQYF,17
CVVSAERGGADGLTF_CASSSAFLLTSYNEQFF,17
NA_CASSLEAGWQYF,17
CAASPLYGNNRLAF_CASSSGSAIQPQHF,16
CACRSTNAGKSTF_NA,16
CAGDTGRRALTF_CASSLAEELFF,16
CAGENTGGFKTIF_CASRESSGSSYEQYF,16
CAGTNQAGTALIF_CASSLGYPGGGLPQHF,16
CALGIYGGSQGNLIF_NA,16
CALRLQGGSEKLVF_CASSEALYEQYF,16
CASYASGGSYIPTF;CAVRDYNQGGKLIF_CASSLAEGAYEQYF,16
CAVGRAGNMLTF_CASSVSGFSTDTQYF,16
CAVMDSNYQLIW_CASSGGSQETQYF,16
CAYRSPGSSNTGKLIF_CASSQNSYNSPLHF,16
CILAGDMRF;CARPSQYSGAGSYQLTF_CSAKPGPSGYYEQYF,16
NA_CASMAGEQYF,16
NA_CASSPGTFGSYEQYF,16
CAADNYGQNFVF_CASSAHVNEKLFF,15
CALLNTGGFKTIF_CASSATGPVPIYF,15
CAMRESVTGANSKLTF_CASSLGSGVVYNEQFF,15
CATDAYSSYKLIF_CASRTPGNEQFF,15
CAVEREDSGGGADGLTF_CASSPGTFGSYEQYF,15
CAVNKWVGTGNQFYF_CSVETGIKRYTEAFF,15
CAVRAQTGANNLFF_CASRGTGRSQADTQYF,15
CLVGERTSGTYKYIF_CASSPGQGHEQFF,15
CLVGSNYGGSQGNLIF_CASSHPTRGSYNEQFF,15
NA_CASSLGVSGANVLTF,15
NA_CASTIGIHTEAFF,15
CAACSGGSNYKLTF_CASSRRGLQSNVLTF,14
CAARIQGAQKLVF_CAWSRQGDQPQHF,14
CAARIQGAQKLVF_CAWSVQGDQPQHF,14
CAGENTGGFKTIF_NA,14
CAGGYNNNDMRF_CASSLEAQERGFGYTF,14
CALSEAQGNQFYF_CASSSMGFSYNEQFF,14
CAMDANQGGKLIF_NA,14
CAPVPRLGGGAGSYQLTF_CASSSWARRNQPQHF,14
CARRGGYNKLIF_CSARGQGLTYEQYF,14
CAVSTDSSYKLIF_CASSQDFYQRNTEAFF,14
CAYRRGDGATNKLIF_CASSIVSGAEAFF,14
NA_CASSSMGFSYNEQFF,14
NA_CAWSGLTYEQYF,14
CAFMKLNNAGNMLTF_NA,13
CAGAPLDSNYQLIW_CATSRESGSHGEQFF,13
CAGQDAGGTSYGKLTF_CASSESGSGDEQYF,13
CALSDAGFQKLVF_NA,13
CALSPQGGSNYKLTF_CASSLGAQETQYF,13
CAMPQGAQKLVF_CASGGGQGFSNQPQHF,13
CAMREGLQGGKLIF_CASSITPGDSSTDTQYF,13
CAMRRPSGGYNKLIF_CASSSSDSSSGNTIYF,13
CATDEYNDMRF_CASSLGGATDTQYF,13
CAVKHYGQNFVF_CASSLARHEQFF,13
CAVMDSNYQLIW_CASSDSQGADTQYF,13
CAVPSGGNNRLAF_CASSSLDLGQGYYGYTF,13
CAVRSWGKLQF_CSVELAGGPGDTQYF,13
CAVSRNTGGFKTIF_CASSVRRDRANTGELFF,13
NA_CASSYWGVGTDTQYF,13
CAAGDDKIIF_CSANFLGLAGGAIEDTQYF,12
CAARLQGAQKLVF_CAWSVQGDQPQHF,12
CAASYLSGGSYIPTF_CASSPTLEETQYF,12
CAMREEVYGGATNKLIF_CASRRTGDTGELFF,12
CAMRPRVSNYGQNFVF_CASTFRGLSNQPQHF,12
CAMSGYSSASKIIF_CASSLDGRSEQYF,12
CASMDSNYQLIW_CASTDRGETGELFF,12
CAVREIEKLIF_CASSAGASGERSSPLHF,12
CLVGENTGGFKTIF_CATFYLAGQAFF,12
CVVDAGGYNKLIF_CAIKGVQETQYF,12
NA_CASSLELAGSSGANVLTF,12
NA_CASTEKWGKSYEQYF,12
CAAENGQKLLF_CASSPGTVYEQYF,11
CAAFFVYGGSQGNLIF_CASSLFRTELNYEQYF,11
CAASIGNFGNEKLTF_CASSPNRNTEAFF,11
CAASQSGGYQKVTF_CSARDVAGALTYEQYF,11
CAASSNFGNEKLTF_CSARVAGVPGTQYF,11
CACMDSNYQLIW_CSARNPGQGAENTGELFF,11
CAESSYKLSF;CALRPTGGGNKLTF_CASSLDGHNYGYTF,11
CAIRTQGGSEKLVF_CASSLGRTLNEQFF,11
CATAPLYNFNKFYF_CASSKDRERQPQHF,11
CAVADSWGKFQF_CAWIMGTGELFF,11
CAVLDRETSGSRLTF_CASSEEGEGRYGYTF,11
CAVLDSNYQLIW_NA,11
CAVMDSSYKLIF_NA,11
CAVQTGQGGSEKLVF_CASSDRDTLIVGEAFF,11
CAVRDFGDMRF_CAISESKAAGEETQYF,11
CAVSQGNLIF_CASSTGTSAYNEQFF,11
CAVWGSGGYQKVTF_CASSYSGNPPLHF,11
CAYRRGDGATNKLIF_NA,11
CVVNGLAAGNKLTF_CASSTRPGGANVLTF,11
CVVPSNTGGFKTIF_CASSFPDTQYF,11
NA_CASSEALYEQYF,11
NA_CASSLGGQGHYEQYF,11
NA_CASSPMVAETQYF,11
NA_CASSPQHRLGDEQFF,11
NA_CASSQDQGSNQPQHF,11
NA_CASSQDRNTQYF,11
NA_CASSQEGGNEGLTDTQYF,11
NA_CASSYSGTSGVTDTQYF,11
CAAGAADKLIF_CASSFGTGGNQPQHF,10
CAAYSGGGADGLTF_CASSRRQGLNGYTF,10
CACMKTSYDKVIF_CASSPGTFLHSPLHF,10
CAESPANQAGTALIF_CASSDRGEGGYTF,10
CAFLDTPLVF_CASSLTGPQSSYNEQFF,10
CAGNNDMRF_CASKAGEANTEAFF,10
CAGRPPSGSRLTF_CASSPWGISGSYEQYF,10
CASKRAGGTSYGKLTF_CASSQGPWPVRIYEQYF,10
CAVFLFGNEKLTF_CASSDWRQNTGELFF,10
CAVMGGGFKTIF_CASSLEGETQYF,10
CAVNVQGGSEKLVF_CASSFWGEPFPGELFF,10
CAVRDGAGKSTF_CASSRDSPYTEAFF,10
CILRDVKNNNAGNMLTF_CAISRSDSPDEQYF,10
NA_CASRGTGRSQADTQYF,10
NA_CASRGTSGGVNTGELFF,10
NA_CASSAGHEGEPFVF,10
NA_CASSATGVGQFF,10
NA_CASSQDSDGELFF,10
NA_CASSSDTGELFF,10
NA_CASSSSDSSSGNTIYF,10
NA_CASSVTKGLNEKLFF,10
NA_CATSRESGSHGEQFF,10
CAAMDSNYQLIW_NA,9
CAASAIGNEKLTF_CASSLPGSLTKSYNEQFF,9
CAASALDRAQKLVF_CASSLIGTGSVDEQFF,9
CAASEAASKLTF_CASSFGRGLETQYF,9
CAASGRGFSSGSARQLTF_CATSSGEGGYQETQYF,9
CAASGRGFSSGSARQLTF_NA,9
CAASVGGGADGLTF_CASSMALAVTYNEQFF,9
CAENFSSASKIIF_CSARDRRGGRETQYF,9
CAFHSGYSTLTF_CASRGGAEETQYF,9
CAKQGGSEKLVF_CASRQTATDTQYF,9
CARPSQYSGAGSYQLTF_CSAKPGPSGYYEQYF,9
CATDAESSGDKLTF_CASSPQHRLGDEQFF,9
CAVGNQFYF;CAVPPIGFGNVLHC_CASSPLELAGAKNIQYF,9
CAVIGGYNFNKFYF_CASSLGTSGIGNEQFF,9
CAVIMNRDDKIIF_CASMAGEQYF,9
CAVLDSNYQLIW_CATGGTGDNQPQHF,9
CAVNTGNQFYF_NA,9
CAVRDSNYQLIW_CASSGTSGGTDTQYF,9
CIVKGAWAGNNRKLIW_CAISGGNEQYV,9
CIVRVAGGETSGSRLTF_CASTTRAYGGGPGYTF,9
CIVSHPQGAQKLVF_CASSETGTSGFQETQYF,9
CLLGHNSGGSNYKLTF_CASRETAGAATEAFF,9
CLVGDMARREDSNYQLIW_CASRYGAYTNTGELFF,9
CLVGGGYSTLTF_CASMAGEQYF,9
CLVWTAGNKLTF_CASSDTGGTLDGYTF,9
CVGFSGGGADGLTF_CASSIVGTGNFNPLF,9
CVPMDSNYQLIW_CSARGGDDYNEQFF,9
CVVSDRGSTLGRLYF_CASRYSGGASDTQYF,9
CVVSERRNTGFQKLVF_NA,9
NA_CAISPGGSGYGYTF,9
NA_CASSESGSGDEQYF,9
NA_CASSFTGVYGYTF,9
NA_CASSLAEELFF,9
NA_CASSLYGGPQETQYF,9
NA_CSARNPGQGAENTGELFF,9
CAADSGGGADGLTF_CASSPTGEDQPQHF,8
CAARGTASKLTF_CASSLEGSRAPYEQYF,8
CAASVDNAGNMLTF;CALSEARYGGSQGNLIF_CASSAQAAGGADTQYF,8
CAESSSYSNYQLIW_CAWSVRGVNRDTQYF,8
CAETNNNAGNMLTF_CASSPSTSGGRDEQFF,8
CAGFTGANSKLTF_CASTPRDRYRAFF,8
CAGQTFNAGGTSYGKLTF_CASSPHQRAHPAEAFF,8
CAITQGGSEKLVF_CASSLGSVNEQFF,8
CALRTPYNFNKFYF_CASSLDKDRGPTREKLFF,8
CAMRDDSYNTDKLIF_CASSLTQVYRGTDTQYF,8
CARLSGGYQKVTF_CSARERQVYENTIYF,8
CASRGGGATNKLIF_CASTIEGRRYGYTF,8
CATDDWGSQGNLIF_CASRMAGGEEKLFF,8
CAVEGYSTLTF_CASTGQWKETQYF,8
CAVGPWSNYQLIW_CASSIYGGAGGRNNQPQHF,8
CAVGRAGNMLTF_NA,8
CAVKGFRGDNFNKFYF_CSVRVLGNEQFF,8
CAVLDSNYQLIW_CATSVGEGHTDTQYF,8
CAVNSGYSTLTF_CASGGGNQPQHF,8
CAVNYRGSNYKLTF_CASSLGGQGPNRPQHF,8
CAVPYNNNDMRF_CASSDSTGSYTF,8
CAVRDFGDMRF_CAISESKAAGEETQYF;CARVGGLATDTQYF,8
CAVRPVLNAGNNRKLIW_CASSESTGIQPQHF,8
CAVRVTDSWGKFQF_CASSYAPGTENTEAFF,8
CAVRWGQNFVF_CASSPEGDQPQHF,8
CAVSSRGSNFGNEKLTF_CSARLGGGTDTQYF,8
CAVTPTDNNARLMF_CASSTDSLGTDTQYF,8
CAVYNQGGKLIF_CATRGTSGSYEQYF,8
CGADITGGGNKLTF_CASSFSGAYNEQFF,8
CGTETGSWGKLQF_CASSLSGTKGDTGELFF,8
CIVRVVKEYGNKLVF_CASSPAQVNTDTQYF,8
CVVSGLNTGGFKTIF_CSALGSSGRTNEQYF,8
NA_CASRLGAGGGSYGYTF,8
NA_CASRTPGNEQFF,8
NA_CASSGGSQETQYF,8
NA_CASSLEQTYEQYF,8
NA_CASSLGRETQYF,8
NA_CASSPLLFDPGYTF,8
NA_CASSVRWGEPLHF,8
NA_CATSVSAGEEQFF,8
CAAFHTGNQFYF_CATSRDAGSEQFF,7
CAAFSGGYNKLIF_CASSHRDRSYNEQFF,7
CAARLSGTYKYIF_CSAPQETGANQPQHF,7
CAARTQGAQKLVF_CAWSVQGDQPQHF,7
CAASVDNAGNMLTF_CASSAQAAGGADTQYF,7
CAFLVRTSYGKLTF_CASSFWNQETQYF,7
CAGPNAGNMLTF_CASSQEARYMSGELFF,7
CAGRTGGFKTIF_CATSRGRGTNTGELFF,7
CALTPWGGAQKLVF_CASSFGDSQETQYF,7
CAMRDNTDKLIF_CASTLSNTGELFF,7
CAMREGGYNQGGKLIF_CASSQVRGQSSYEQYF,7
CAMREGRSNQGGKLIF_CASSHSQTGESYEQYF,7
CAMRELGYNAGKSTF_NA,7
CAMRGAGANSKLTF_CASTPEVTGGDETQYF,7
CAPKLIF;CAVSVSSNTGKLIF_CASSRDRVRAFF,7
CAPKLIF_CASSRDRVRAFF,7
CASRSYNTDKLIF_CAISEPGQDYSNQPQHF,7
CATAYTGGFKTIF_CASSLFATSGSHGDEQFF,7
CAVAGNTGKLIF_CASSQQGARGSPLHF,7
CAVGARRSTGTASKLTF_CASSRLQTGGNEKLFF,7
CAVNMDSNSGYALNF_CASSLGLDSPNINTEAFF,7
CAVQAGGGSNYKLTF_CASSQLDYLKNIQYF,7
CAVRGPGAGSYQLTF_CASSIGRRASGYTF,7
CAVRGRSGYSTLTF_CAISESGANTEAFF,7
CAVRSLNTGFQKLVF_CASSLQGMTEAFF,7
CAVSDGQKLLF_CASSLPLGGGNNEQFF,7
CAVSFILTGGGNKLTF_CSASRSPGQLSGNTIYF,7
CAYRNSGGGADGLTF_NA,7
CAYRRGNEKLTF_CAWRGLAGGDTQYF,7
CGTLRDSGGYQKVTF_CASSPGAREKLFF,7
CIVDGNKLVF_CASSPDRASFTGELFF,7
CLVVGFQKLVF_CASSPGTGGVYSNQPQHF,7
CVVKGGTGRRALTF_CSADRISGNTIYF;CASTTGEGTDTQYF,7
CVVNERDTGFQKLVF_CASSFPEPQHF,7
CVVSDRGSTLGRLYF_NA,7
CVVSRAYNTDKLIF_CASSLLAYNEQFF,7
NA_CASRRMSYTF,7
NA_CASSEMSGADYEQYF,7
NA_CASSFGRGLETQYF,7
NA_CASSLGLAGTYEQYF,7
NA_CASSLWAGVWNTEAFF,7
NA_CASSPRGQETQYF,7
NA_CASSQEFVWASGGPSSYEQYF,7
NA_CASSVGQGVSYEQYF,7
NA_CASSYYGGPYEQYF,7
NA_CATSETAGETQYF,7
NA_CATSFVSGEVQYF,7
NA_CATSGQGRDRFF,7
NA_CATSPRGRAEQFF,7
CAAIHSYSSASKIIF_CASSLTGESSYNEQFF,6
CAASAPGSSNTGKLIF_CASSQDRRSYTF,6
CAASEDYQLIW_CASSSMSGGGTIGYTF,6
CAASFPQTGANNLFF_CASSEAGLAGVWETQYF,6
CAASIGSGSEKLVF_CSASFTSLFF,6
CAASPLYGNNRLAF;CAVKNAGNMLTF_CASSSGSAIQPQHF,6
CAASVAGYSTLTF_CASSPSEGEQYF,6
CAATETSYDKVIF_CASSIPGLAANTGELFF,6
CAATTSGTYKYIF_CAARTGGAYNEQFF,6
CAATVLDGFQKLVF_CASSHNYEQYF,6
CAERGLGQNFVF_CSVEAGVQHNEQFF,6
CAEWFGSSYKLIF_CASSSPGQPEAFF,6
CAFMKPFLNTGNQFYF_CASSQGRLAVGETQYF,6
CAGQWEYGNKLVF_CASSFFSGELFF,6
CAGRANFGNEKLTF_CASSIRPTGELFF,6
CAGSELRYGGATNKLIF_CASSPGRTTYEQYF,6
CAGSMEYGNKLVF_CASSIWTIRGGDTQYF,6
CALRTNSGGSNYKLTF_CASSYSGTARAEAFF,6
CALSEAVGDSWGKLQF_CSAELPDRNTDTQYF,6
CAMMHPMDSNYQLIW_CASSPGQVYNEQFF,6
CAMSGLEYGNKLVF_CASGDSEKRTYEQYF,6
CAMSPISNFGNEKLTF_CASSFSGTWGGIPYEQYF,6
CAPSWAGNMLTF_CASSFRLAGAMDYTDTQYF,6
CAQNRGATNKLIF_CASSGTSGGATDTQYF,6
CASTGNQFYF_CASSIRQADTGELFF,6
CATDEDSWGKLQF_CSARKERGGLNEQFF,6
CATDPPRLYSGGGADGLTF_CASSMDKSSYNEQFF,6
CATEDDFGNEKLTF_CATSREGGETQYF,6
CATEGNFGNEKLTF_CATSVHGGETQYF,6
CATESNFGNEKLTF_CATSETAGETQYF,6
CATGGGYNFNKFYF_CASSSTQGGASYGYTF,6
CATGSGYSTLTF_CASSYDRDGYGYTF,6
CAVELATNAGKSTF_CASSLAAGSYGYTF,6
CAVMDSNYQLIW_CASSDAGASGGNEQFF,6
CAVMDSNYQLIW_CASSSLRDTTYNEQFF,6
CAVMPNAGNMLTF_CASSIFDATGQETQYF,6
CAVNLNEKLTF_CATSSRSFYYNEQFF,6
CAVPFSGGYNKLIF_CATYSGDYGYTF,6
CAVQAEETSGSRLTF_CASDRGNTGELFF,6
CAVRDSNYQLIW_CASSGGDTGELFF,6
CAVRDYNQGGKLIF_CASSLAEGAYEQYF,6
CAVRERNTPLVF_CASSYSGTGVTGELFF,6
CAVRGAYSGAGSYQLTF_CASSQDQGSNQPQHF,6
CAVRGITGGGNKLTF_CASSLASDRAQETQYF,6
CAVRHGQNFVF_CASSLEGDQPQHF,6
CAVSEGSGNKLVF_CSASTQGPGNTIYF,6
CAVSGDSSYKLIF_CAISETGTVNTEAFF,6
CAVSSLYNNNDMRF_CAISPGGSGYGYTF,6
CGTEILRLDNFNKFYF_CASSLGAAEAIYEQYF,6
CGTGSHNYGQNFVF_CASSLVLRSPGEQYF,6
CILRSGSNYKLTF_CSARDLGGTGVGAKNIQYF,6
CLAAGGGNKLTF_CASSFGPVEAFF,6
CLLPNTGNQFYF_CASSGSGTVTDTQYF,6
CLVGENTGGFKTIF_NA,6
NA_CAISDDPNSYEQYF,6
NA_CASSDWRQNTGELFF,6
NA_CASSLGGGRTQYF,6
NA_CASSLGGQGPNRPQHF,6
NA_CASSLPLGGGNNEQFF,6
NA_CASSPPSVYGYTF,6
NA_CASSPTSADTQYF,6
NA_CASSPTSGNTIYF,6
NA_CASSQDGAGDLADEQYF,6
NA_CASSQEWQGYYQPQHF,6
NA_CASSQGGILNSPLHF,6
NA_CASSRGGGSYNEQFF,6
NA_CASSRRQGLNGYTF,6
NA_CASSSWARRNQPQHF,6
NA_CATRAGIYTEAFF,6
NA_CATSVGEGHTDTQYF,6
NA_CSARGQGLTYEQYF,6
NA_CSASRSPGQLSGNTIYF,6
CAARGYGNNRLAF;CATMDGSWGKLQF_CASRANRGHNEKLFF,5
CAASFLLGGSQGNLIF_CASSWQGNQPQHF,5
CAASISTGTASKLTF_CASSLFVGRNEQYF,5
CAASPLNTGNQFYF_NA,5
CAASSGYALNF_CASSYSGTGNTGELFF,5
CAASYLIGFGNVLHC_CASSFGGLGTEAFF,5
CAAVVRDKIIF_CASGQVDRETQYF,5
CAAYNTDKLIF_CASSLGAGYTF,5
CACGGSQGNLIF_CASTPGGGDLRRPQHF,5
CAEDNNNDMRF;CAESSNFGNEKLTF_CSARVIGGANEKLFF,5
CAEILAAGGSQGNLIF_CASSIVAGAYNEQFF,5
CAEITLNNYGQNFVF;CASMDSNYQLIW_CASTDRGETGELFF,5
CAEKRAYNFNKFYF_CASSLGLAGDGGEQFF,5
CAEMDSNYQLIW_CASSNLPGQGFETQYF,5
CAENWGRDDKIIF_CASSLSRTGYEQYF,5
CAFHGGSQGNLIF_CASSFIGGLASPLHF,5
CAGELPGANSKLTF_CASSPTSGNTIYF,5
CAGHKGAQKLVF_CASSMRRLAGGLRTDTQYF,5
CAGHPLVGFQGAQKLVF_CASSVGQGVSYEQYF,5
CAGMDSNYQLIW_NA,5
CAGMYGGSQGNLIF_CSAGSLAGGSYNEQFF,5
CAGQAEYGNKLVF_CATRAGIYTEAFF,5
CAGSIAGANSKLTF_CASSPMVAETQYF,5
CALDASSNTGKLIF_CSASGLLGGEETQYF,5
CALLTGGGNKLTF_NA,5
CALPANQAGTALIF_CASSSGPRWTEAFF,5
CALQSGNTPLVF_CSARGQGHTYEQYF,5
CALSDGFKTIF_CASSVGQTYEQYF,5
CALSDPSGNTPLVF_CASSQSLIASDEQFF,5
CALSDTGRRALTF_CASSEVPGASNEQFF,5
CALSGSARQLTF_CASSQGESSYNSPLHF,5
CALSGYNAGNMLTF_CASCTGGTVYGYTF,5
CAMKMKGGSEKLVF_CASSPIGGRNTEAFF,5
CAMLLSGGYNKLIF_CASSQDAGEQFF,5
CAMRDTIADGLTF_CASSQEGLAGGTFNEQFF,5
CAMREANDNYGQNFVF_CASSPGGTEQYF,5
CAMRELDASGSARQLTF_CASSQDRGVQGDGYTF,5
CAMRGGTDKLIF_CASSSRWDTEAFF,5
CAMSGRESTGGFKTIF_CAISESVQGAWEQYF,5
CAPGGFKTIF_CAWSVQDRLYEQYF,5
CARNTGNQFYF_CASSYQTGVGAYGYTF,5
CATASKGGSEKLVF;CAYRSGESNFGNEKLTF_CASLAGAADTQYF,5
CATEEDFGNEKLTF_NA,5
CATERFSGNTPLVF_CASSIPWGRDYGYTF,5
CATIQGAQKLVF_CASSLVDTNEQFF,5
CATYNYGQNFVF_CASSVTVRGSYEQYF,5
CAVAAGGATNKLIF_CASSPTPSGSGEQFF,5
CAVAASTGGGNKLTF;CAVGEQRGATNKLIF_CASSIFGGKNTGELFF,5
CAVENGQKLLF_CASSPTGRNEQFF,5
CAVHRLDNYGQNFVF_CSARGLIWRELEDTQYF,5
CAVIARSDGQKLLF_CASSVRWGEPLHF,5
CAVIRISSGSARQLTF_CASSILPAGMNTEAFF,5
CAVKGFRGDNFNKFYF;CAVRDGTGGFKTIF_CSVRVLGNEQFF,5
CAVLYGNNRLAF_CASRRHLSGANVLTF,5
CAVMDSNYQLIW_CASTLAETSTDTQYF,5
CAVNADAGNMLTF_CASSLDRQVLFF,5
CAVNHAGKSTF_CASSLAPAGGHEQFF,5
CAVNNRYNFNKFYF_CASSVHGTSGSVLAGELFF,5
CAVQAKGTSYGKLTF_CASSLDREKLFF,5
CAVQARGGNYQLIW_CASRGMEETQYF,5
CAVQENSYSGYSTLTF_CASSLNRGSYNEQFF,5
CAVRDGGAGKSTF_CAWSVRDTDTQYF,5
CAVRDGTGGFKTIF_CSVRVLGNEQFF,5
CAVRDSNYQLIW_CASSGGLDTGELFF,5
CAVRDSNYQLIW_CASSPGEEGNIQYF,5
CAVRDSNYQLIW_CASSQDTSGSYEQYF,5
CAVRDYNQGGKLIF_NA,5
CAVRGVNNNDMRF_CASSTSRADPNSPLHF,5
CAVRKEDTGRRALTF_CASTEEGRGTEAFF,5
CAVSGAGMSSGSARQLTF_CASSVTKGLNEKLFF,5
CAVSPTYTPLVF_CASKSRGGSPLHF,5
CAVVDSNYQLIW_CASSPRGSGDTDTQYF,5
CAYKTEDDKIIF_CASSHTGDNQPQHF,5
CAYYSGDDKIIF_CASSLRTAHNEQFF,5
CGTECVAAGNKLTF_CASSSGGFKDPTYEQYF,5
CGTEIILIKAAGNKLTF_CASSLSGVETVDTQYF,5
CILRDADKLIF_CAASRASRDYTF,5
CLVGDIRDSSNTGKLIF_CASSADRWNEQFF,5
CLVGDMMDTGFQKLVF_CASRGHSSSYNEQFF,5
CVVNRDNDMRF_CASSDQNTGELFF,5
CVVRRGGYNKLIF_CASSFSLPTGGFSGANVLTF,5
CVVSSSQAGTALIF_CASSLIRTGGTGELFF,5
CVVTPGVNNDMRF_CASSLWRQETQYF,5
NA_CASGHSGQGTIGYTF,5
NA_CASRSGQLNTEAFF,5
NA_CASRYGAYTNTGELFF,5
NA_CASRYGGNSPLHF,5
NA_CASSAGASGERSSPLHF,5
NA_CASSAHVNEKLFF,5
NA_CASSANRVRTEAFF,5
NA_CASSESTGVKEQYF,5
NA_CASSFFSGELFF,5
NA_CASSGQGSGNTEAFF,5
NA_CASSHSQTGESYEQYF,5
NA_CASSLAAGDQPQHF,5
NA_CASSLAGGLSYNEQFF,5
NA_CASSLEAQERGFGYTF,5
NA_CASSLGGATDTQYF,5
NA_CASSLTVASGKNNEQFF,5
NA_CASSMVGETQYF,5
NA_CASSPFAGETEAFF,5
NA_CASSPGQGHEQFF,5
NA_CASSPPGGGSPETQYF,5
NA_CASSPSDLAYEQYF,5
NA_CASSPTLEETQYF,5
NA_CASSQDGDSPLHF,5
NA_CASSQIAGLGTDTQYF,5
NA_CASSRSGGSSYNEQFF,5
NA_CASSVTVRGSYEQYF,5
NA_CASSWAGYEQYF,5
NA_CASSYSGTGNTGELFF,5
NA_CASTETSGAAYNEQFF,5
NA_CASTTRAYGGGPGYTF,5
NA_CATSVHGGETQYF,5
NA_CAWSVQGDQPQHF,5
NA_CSARLGGGTDTQYF,5
NA_CSARTDISTDTQYF,5
NA_CSASTQGPGNTIYF,5
CAAFDTGRRALTF_CASSSSYEQYF,4
CAAFSGGYNKLIF;CAVMDSSYKLIF_CASSDSDTDTQYF,4
CAAFSGGYNKLIF_CASSDSDTDTQYF,4
CAALDSNYQLIW_CASSFTQREVDTQYF,4
CAANDDKLIF_CASSLGGNTEAFF,4
CAARANNARLMF_CASRGDGSNSPLHF,4
CAARLSGTYKYIF_CSASKEQGGNQPQHF,4
CAASGGYNFNKFYF_CASSSTSGGASYEQYF,4
CAASMDSGGSNYKLTF_CASSYAGGESPLHF,4
CAASSKGVDTGRRALTF_CASSHNRATYEQYF,4
CAASTASGTYKYIF_CSARDLLGGMPQYF,4
CAASTRTGGSYIPTF_CASSVDPGLAAQYF,4
CACMKTSYDKVIF_NA,4
CACQDSNYQLIW_NA,4
CAENNYGQNFVF_CASSRSGGSSYNEQFF,4
CAENPDSGTYKYIF_CSAMTGRDEQYF,4
CAENSVYSGGSNYKLTF_CASSRLAGGTDTQYF,4
CAESLHSGNTPLVF_CASSQEVGLARAETQYF,4
CAESYSSASKIIF_CASSLGGHQPQHF,4
CAFRQAGTALIF_CSARDRLMGKNIQYF,4
CAGAQGSNYQLIW_CASSPSSGSKNIQYF,4
CAGDVGRGSTLGRLYF_CSVEGLAGGAYEQYF,4
CAGEGRPSGGSYIPTF_CASSQGTSDYEQYF,4
CAGEKAAGNKLTF_NA,4
CAGEVAGANSKLTF_CASSPTSADTQYF,4
CAGKKGGGADGLTF_CASSPRGNNSPLHF,4
CAGLSYSGAGSYQLTF_CASSPTGALEAFF,4
CAGPNNAGNMLTF_CASSFRRSGLREKLFF,4
CAGPSGTYKYIF_CASSWGDRVQPQHF,4
CAGQGEYGGSQGNLIF_CASSYGGAYGYTF,4
CAGRPPSGSRLTF_NA,4
CAGRTPGGATNKLIF_CASSRDRVHKLFF,4
CAGTDSNYQLIW_CASSVARDQNTGELFF,4
CAGVTNFGNEKLTF_CASGPSTLVETQYF,4
CALALTSHARLMF_CASSVAAILRDEQFF,4
CALDSNYQLIW_CANQHRGQRPQHF;CASSVDGGITDTQYF,4
CALERQGQKLLF_CASSLGVGGNQPQHF,4
CALGETDSWGKLQF_NA,4
CALGSMDSNYQLIW_CASSLSGPYGYTF,4
CALISNFGNEKLTF_CASSGGQVYNEQFF,4
CALREPNYGGSQGNLIF_CASSQEAAAVTGELFF,4
CALRGDLLFSGGYNKLIF;CVVNMGQFYF_CASSYGDKYEQYF,4
CALRGMYSGGGADGLTF;CAYIVGNYGQNFVF_CASSFSASGRDGYTSTDTQYF,4
CALRIKGGSEKLVF_CATWDRDFYNEQFF,4
CALSDGDNNDMRF_CASSLIPPGTPVGETQYF,4
CALSDQGGSEKLVF_CSASWSGGTGELFF,4
CALSVYGQNFVF_NA,4
CALTPYSSASKIIF_CASSSPGQAENIQYF,4
CALVGRDDKIIF_CASSLNRDTEQFF,4
CAMNQFYF_CASSLEQTYEQYF,4
CAMRAYRASSSWGKLQF_CATSGFPRQGENEKLFF,4
CAMREGISSGSARQLTF_CSVEDWLQNYGYTF,4
CAMREGWNAGNMLTF_CASSYSLGVNSPLHF,4
CAMREGWYSGGGADGLTF_CASSPGGGGRNEQFF,4
CAMSKSGGGADGLTF_CASSSRAVTNTQYF,4
CAPMDSNYQLIW_CASSQEAGSGANVLTF,4
CAQSNYGQNFVF_CASSRGKRAAEGYTF,4
CARTFGNEKLTF_CASSRTFGGELFF,4
CASLDSNYQLIW_CASSQELSPDTQYF,4
CATAAYSGAGSYQLTF_CASSLTVASGKNNEQFF,4
CATASSYNTDKLIF_CASSQRQGLDDEQFF,4
CATDGASGGSYIPTF_CASSERITGLRKDTQYF,4
CATDSANQAGTALIF_CASFTTGQAFF,4
CATDVSGNTGKLIF_CASSKLGNEQFF,4
CATEGARGGADGLTF;CAFIRGGADGLTF_CASSLITGGNEQFF,4
CATERFSGNTPLVF_NA,4
CATTKGSNYQLIW_CASSQDARWTNEKLFF;CASSPPGPATYGYTF,4
CATVLGARLMF_NA,4
CATVNRMDSSYKLIF_CASSLIGISSYNEQFF,4
CAVDGPYYGQNFVF_CASSTQNMNTEAFF,4
CAVGFSDGQKLLF_CASSLVGATYEQYF,4
CAVGPPSGGSYIPTF_CAISESGTHVGYNEQFF,4
CAVGSGDQTGANNLFF_CASRMGRTEAFF,4
CAVIHSGGYQKVTF_CASSGGDYGYTF,4
CAVKDSNYQLIW_CASSDFVGGGETQYF,4
CAVKDSNYQLIW_CSVETGNTEAFF,4
CAVKTDSWGKLQF_CASSLYSGDTYNEQFF,4
CAVLDSNYQLIW_CSATPGTGENEPQHF,4
CAVLSDTNAGKSTF_CASTTDRNNQPQHF,4
CAVLSNDYKLSF_CASSELAGGPDTQYF,4
CAVLYGNNRLAF_CASSFHPGTNSPLHF,4
CAVMDSNYQLIW_CASSTHEHTGELFF,4
CAVMDSNYQLIW_CASTIQEGAGGQPQHF,4
CAVMDSNYQLIW_CSARAFGSSGGVDTQYF,4
CAVMDSNYQLIW_CSARELRQGDTGELFF,4
CAVNGGFKTIF_CASSPPGTSGGQETQYF,4
CAVNTGNQFYF_CASSVSGGMNGETQYF,4
CAVPYNNNDMRF_NA,4
CAVQAGDSWGKLQF_CASTQAQGGDTQYF,4
CAVQAPGGKLIF_CASSTDGNYGYTF,4
CAVRDGDYKLSF_CASSGREAGELFF,4
CAVRDGGATNKLIF_CATFAPDPTDTQYF,4
CAVRDKGTNAGKSTF_CASSSDTGELFF,4
CAVRDKNSGYSTLTF_CASEDTLASYEQYF,4
CAVRDNYGQNFVF_CASSLESMGTEAFF,4
CAVRDSDYKLSF_CASSAASGGSDTQYF,4
CAVRDSNYQLIW_CASSERPGTGDEQFF,4
CAVRFRGGADGLTF_CASTLARRLTSTDTQYF,4
CAVRGLTGANNLFF_CASSIRTDLFSSYNSPLHF,4
CAVRPFLSGGGADGLTF_CASSLEWTGGTDTQYF,4
CAVRPISGNTGKLIF_CASSFGLAAQETQYF,4
CAVRRVGFGNVLHC_CASSQDIGTGYYEQYF,4
CAVRSSGGSYIPTF_CASSTGDSNQPQHF,4
CAVSDPTGGSNYKLTF_CASSATGGQETQYF,4
CAVSDRSDYGGSQGNLIF_CASRGRASNTEAFF,4
CAVSDTGTASKLTF_CASSLKFRREQYF,4
CAVSEIQGAQKLVF;CAFMKLNNAGNMLTF_CASSLPWGGPSEKLFF,4
CAVSGLTGGGNKLTF_CSVGAGSEQYF,4
CAVSPMDSSYKLIF_CASKGSTEAFF,4
CAVSVTGTASKLTF;CAGVTNFGNEKLTF_CASGPSTLVETQYF,4
CAVTGGQKLLF_CASSSTGTRGFYNEQFF,4
CAVTGNQFYF_CASSLGGLLYNEQFF,4
CAVTLGGGKSTF_CASSPVGGETQYF,4
CAVVDSNYQLIW_CASSQDDGSVTGELFF,4
CAVVSNTGKLIF_CASSVADGAMNTEAFF,4
CAVWGAQKLVF_CSARTTYGYTF,4
CAYRKTSYDKVIF_CASSYSISRGHQETQYF,4
CAYRSASTSGTYKYIF_CASSLGPDSYEQYF,4
CAYRSWNNAGNMLTF_CASSGTSGGNEQFF,4
CAYRSYGNQFYF_NA,4
CGADPSGTYKYIF_CASSRSGGVDYNEQFF,4
CGAVPHGSGNTGKLIF_CASSFQGSTDTQYF,4
CILNGGSNYKLTF_CSVAGTSVYNEQFF,4
CILRDNNAGNNRKLIW_CASSRTLGRGYTF,4
CISSAPGSSNTGKLIF_CASSPKRPEAFF,4
CIVRDSYSGAGSYQLTF_CASSRLAGGQDTQYF,4
CIVRVDVNTDKLIF_CASSATGGQETQYF,4
CIVVSNSGYALNF_CASSQIAGLGTDTQYF,4
CLVGDKGGYNKLIF_CASSGRQVLMGAFF,4
CLVGELPSGTYKYIF;CAVELATNAGKSTF_CASSLAAGSYGYTF,4
CLVSGGYQKVTF;CAVEDRGNSGYSTLTF_CASSQEQARPSGNTIYF,4
CSFSGGSNYKLTF_CASSSSGYTEAFF,4
CVIYAGKSTF_CASSLKAAGLAKNIQYF,4
CVPMDSNYQLIW_CASSVVGEGPTGELFF,4
CVVISSGSARQLTF_CASQGFQETQYF,4
CVVNEDDKIIF_CASTKEGKGIQYF,4
CVVNMGIPNDMRF_CATSRDSTDYGYTF,4
CVVNPTDKLIF_CASSPQSAYEQYF,4
CVVSDRGSTLGRLYF_CASSELGYRREGDTQYF,4
CVVSDRGSTLGRLYF_CASYLGPPVEKLFF,4
CVVSTYNTDKLIF_CASSDPGQGVYSNQPQHF,4
NA_CASGLGIGTGWRDNSPLHF,4
NA_CASKAGEANTEAFF,4
NA_CASMGSTEAFF,4
NA_CASRQTATDTQYF,4
NA_CASRSTTGLYGYTF,4
NA_CASSDTGGTLDGYTF,4
NA_CASSEFEGLLYEQYF,4
NA_CASSEGDRGPVEKLFF,4
NA_CASSFGDSQETQYF,4
NA_CASSFGTGGNQPQHF,4
NA_CASSFGTGRETQYF,4
NA_CASSFLDRGSGTEAFF,4
NA_CASSFRDEKLFF,4
NA_CASSFRLAGAMDYTDTQYF,4
NA_CASSGTGGAGANVLTF,4
NA_CASSIGSGTYEQYF,4
NA_CASSKLGNEQFF,4
NA_CASSLAVLPTDTQYF,4
NA_CASSLEGGRYNEQFF,4
NA_CASSLGAAEAIYEQYF,4
NA_CASSLGPGNTIYF,4
NA_CASSLGSVNEQFF,4
NA_CASSLGTTDTQYF,4
NA_CASSLIGTGSVDEQFF,4
NA_CASSLRTVSSYEQYF,4
NA_CASSLWWDRDDEQYF,4
NA_CASSPAQVNTDTQYF,4
NA_CASSPNPGPGVDEQYF,4
NA_CASSPNRNTEAFF,4
NA_CASSPPRGGPYEQYF,4
NA_CASSPTPSGSGEQFF,4
NA_CASSQDPTGPWLELFF,4
NA_CASSQEDRVVYEQYF,4
NA_CASSQELSPDTQYF,4
NA_CASSQVGGHEQYF,4
NA_CASSRDRVRAFF,4
NA_CASSRIPGPTNTEAFF,4
NA_CASSRTGAGGETQYF,4
NA_CASSSFYEQYF,4
NA_CASSSGQGYTGELFF,4
NA_CASSVADGAMNTEAFF,4
NA_CASSVGAHRTGGTEAFF,4
NA_CASSVWLANTEAFF,4
NA_CASSWKTGGLTLSYEQYF,4
NA_CASTPGGGDLRRPQHF,4
NA_CATGGTGDNQPQHF,4
NA_CATSRDAGSEQFF,4
NA_CATTPGPTYNEQFF,4
NA_CAWSGDGQLTNEKLFF,4
NA_CAWSRQGDQPQHF,4
NA_CSARDDRQGDYEKLFF,4
NA_CSARDRLMGKNIQYF,4
NA_CSARDWTSGSETQYF,4
NA_CSGGNRNGYTF,4
CAADNYGQNFVF_NA,3
CAAGAGSARQLTF_CATETVYGYTF,3
CAAIDSNYQLIW_CASSEVPGEEESQHF,3
CAAIIQGAQKLVF_CSASGDTYSNQPQHF,3
CAAIPHSDGQKLLF_CASSLEAGNTEAFF,3
CAAIRSGGSYIPTF_CASTAQGETQYF,3
CAAISGGYNKLIF_CAYGAGFTEAFF,3
CAAKGAFTGTASKLTF_CASSLRPNQPQHF,3
CAAKGAQKLVF_CASSFYWGSNTEAFF,3
CAALKAAGNKLTF_CASNTGVYNEQFF,3
CAALSNTGNQFYF_CASSQGTGRYEQYF,3
CAAMDSNYQLIW_CATRGDRNYDTGELFF,3
CAAMDSNYQLIW_CAWSSRGRESSPLHF,3
CAAMDSNYQLIW_CSARGVDDRALPNQETQYF,3
CAAMDSSYKLIF_CASSDSAGGTDTQYF,3
CAAPGFQKLVF_CASRSFDRRNTEAFF,3
CAAQDSNYQLIW_CASRRQGPTDTQYF,3
CAAQTRSSSGGSYIPTF_CASSATRTGELFF,3
CAARETGNQFYF_NA,3
CAARPFMNSGYSTLTF_CSARGTPGETQYF,3
CAARSQSGNQFYF_CASRDTGGASYGYTF,3
CAASDGGGADGLTF_CASSFIAGGHEQFF,3
CAASDRGSTLGRLYF_CASSLGSTGEAFF,3
CAASGLTGANNLFF_CASSFLSYEQYF,3
CAASGPGGSYIPTF_CASSLVFTDTQYF,3
CAASGQEKTSYDKVIF_CASSPTRAGEQFF,3
CAASGRAGSRLTF_CASSLGTSGLAYQYF,3
CAASGRNNDMRF_CASSSTGTGGQYEQFF,3
CAASGTSYGKLTF_CASSLLGDGQGVNSPLHF,3
CAASGVLLGTSYGKLTF_CASSLTQGALGEQYF,3
CAASKGTALIF_CASSTYPNTEAFF,3
CAASLGGADGLTF_CASSLAEGMNTEAFF,3
CAASLSGRDDKIIF_CASSSGASYEQYF,3
CAASLTGTASKLTF_CATQSLAGGSGQFF,3
CAASPLNTGNQFYF_CASSLGRGELFF,3
CAASPLYGNNRLAF_NA,3
CAASREGSGGSNYKLTF_CASSTGSVITGELFF,3
CAASRPPGGTGNMLTF;CAPGSGNTPLVF_CASSDTPQGNVYGYTF,3
CAASRPPGGTGNMLTF_CASSDTPQGNVYGYTF,3
CAASRPPGGTGNMLTF_NA,3
CAASRRDSSYKLIF_CASSWQGGYEQYF,3
CAASRSYNTDKLIF_NA,3
CAASRTGNQFYF_CASSIDRAGPYGYTF,3
CAASSLINQGGKLIF_CASSSHNTEAFF,3
CAASTDLDDYKLSF_CASSSDRNSPLHF,3
CAASTQAGKSTF_CSARDGQGGNEQFF,3
CAATDSNYQLIW_CASSERRGASDTQYF,3
CAATTSGTYKYIF_CASNTMYEASSYNEQFF;CAARTGGAYNEQFF,3
CAATVANAGGTSYGKLTF_CASSPWEENTEAFF,3
CAATYEGAQKLVF_CSARPDFAYEQYF,3
CAAVGRGGGNKLTF_CASIPRDRGRKNYGYTF,3
CAAWGGAQKLVF_CASSPRGQGTEKLFF,3
CAAYNNNDMRF_CAIRREHGEQFF,3
CAAYPMDTGRRALTF_CASSSSGLTEQYF,3
CACQDSNYQLIW_CASSVKTGTGGYEQYF,3
CADMDSNYQLIW_CASSYEGTGANVLTF,3
CADTGANSKLTF;CSNNAGNMLTF_CASSQTGFNEQYF,3
CAEDNAGNMLTF_CASSARTGGAYGYTF,3
CAEGSGDTGKLIF;CAVPHNNARLMF_CASSLDTGELFF,3
CAEISSASKIIF_CSARDDRQGDYEKLFF,3
CAEIYGQNFVF_CASSLDLENSYGYTF,3
CAENDNTDKLIF_CASSLLAGSGNTIYF,3
CAENIGGATNKLIF;CAVKGSWGKLQF_CASSPTGDTQYF,3
CAENNSNSGYALNF_CASSQVGAGSVDEQFF,3
CAENRAGGGKLIF_CASSDSETDTQYF,3
CAESGGSQGNLIF;CAVKVSRDGGSQGNLIF_CASSLGASWETQYF,3
CAESIINAGNNRKLIW_CAWSKPGQGITEAFF,3
CAESSYKLSF_CASSLDGHNYGYTF,3
CAETYTGGFKTIF_CATSRMEVGTGSREQYF,3
CAETYTGGFKTIF_NA,3
CAEYNFNKFYF_CASSLEGLAGYSSSYNEQFF;CASSLCRAEEGNNEQFF,3
CAFGGGGADGLTF_CASSPTTGGNSYEQYF,3
CAFIPSNTDKLIF_CASGLAPYRGRNGYTF,3
CAFLLPSGNTPLVF_CSARDRQGATGELFF,3
CAFSDSNYQLIW_CASSELAGGQETQYF,3
CAFTLPGGTSYGKLTF_NA,3
CAGAQAGGTSYGKLTF_CAISSSGANVLTF,3
CAGDGQNFVF_CASSYRRTYEQYF,3
CAGEGGGATNKLIF;CAVQGLNNDMRF_CASSYNHEQFF,3
CAGEKAAGNKLTF_CASSEQGLGGYTF,3
CAGGLLYNFNKFYF_CASSWDGERIKLFF,3
CAGGSNYKLTF_CASSPAGRFSYEQYF,3
CAGHTNNFNKFYF_CASSYSGHPGTGELFF,3
CAGLDLVYGGSQGNLIF_CASSPEGGAGAEKLFF,3
CAGLKGKLIF_CASTIGLAATDTQYF,3
CAGLPQGGSEKLVF_CASSYSHGQFFMNTEAFF,3
CAGLSNTGNQFYF;CAFSLYNNNDMRF_CSARASWSDTQYF,3
CAGLTQGGSEKLVF_CASSLYYEQFF,3
CAGMDSNYQLIW_CASSETSGGPYEQYF,3
CAGMDSNYQLIW_CASSSRDTDTQYF,3
CAGMDSSYKLIF_CASSDRDTGELFF,3
CAGPSGAQKLVF_CASSPGLRDQPQHF,3
CAGPWVVGSEKLVF_CASSPTFDTLSTDTQYF,3
CAGRAYSGAGSYQLTF_CASSTPGGGGTDTQYF,3
CAGRDSGFQKLVF_CASSPGLQNTEAFF,3
CAGRNAGGTSYGKLTF_CASSLGKGLQETQYF,3
CAGRRSNDYKLSF;CAVPTVNILTGGGNKLTF_CASQDSVLAGVSTDTQYF,3
CAHKKYNFNKFYF_CASRTTNEKLFF,3
CAHTGTASKLTF_CASRDSLNTGELFF,3
CAIHGGGADGLTF_CASSESGVPYNEQFF,3
CALALRGSGTYKYIF_CASSLSSNNEQFF,3
CALDDQAGTALIF_CASSDPQGVPFDEQYF,3
CALDILTGGGNKLTF_CASSPAENYGYTF,3
CALDKWMNTGFQKLVF_CASSTGQKQFF,3
CALDSNYQLIW_CANQHRGQRPQHF,3
CALEGGGGNKLTF_CAIAGTSGNNEQFF,3
CALERRDSNYQLIW_CASSQDQAGTVTDTQYF,3
CALGGGYQKVTF_CATSVAGVADTQYF,3
CALGKGDSWGKFQF_CATSLSDWGVSTDEQYF;CASSSPSGRDTDTQYF,3
CALGTGGGNKLTF_CATASPPHLTDTQYF,3
CALISTQGGSEKLVF_CASSARDRGPANYGYTF,3
CALKMSNFGNEKLTF_CASSISSVGVNIQYF,3
CALKSGGSYIPTF_CSVEQDRGTQGEQYF,3
CALNEPNAGKSTF_CASSELPGDYGYTF,3
CALNSGGYQKVTF_CSARGQGNQPQHF,3
CALRGGSGTYKYIF_CASSFSSLGDTQYF,3
CALRGQGAQKLVF_CAWSLQGDQPQHF,3
CALSDGNQGGKLIF_CASSLGGNSYNEQFF,3
CALSDHNYGQNFVF_CASSEGQGNSPLHF,3
CALSDSGGSNYKLTF_CASSPRERSPGELFF,3
CALSEAAGGADGLTF_CASSQARGLARYYEQYF,3
CALSEANSGNTPLVF_CASSKNRGPSDIQYF,3
CALSEARYGGSQGNLIF_CASSAQAAGGADTQYF,3
CALSEARYTGANSKLTF_CASSLGQGTDTQYF,3
CALSEESSGSARQLTF_CASTRGWGNGYTF,3
CALSEGPMEYGNKLVF_CASSQDLGTDQPQHF,3
CALSELIYNQGGKLIF_CASTTMEGRNGELFF,3
CALSETITGNQFYF_CASSVVGRGTTGELFF,3
CALSEYNTGGFKTIF_CASSEDSDTLYEQYF,3
CALSGPNTGNQFYF_CASSPAQGRNTEAFF,3
CALSGSYQLTF_CASSLGEQFF,3
CALSNAGNMLTF_CASSGGQGSYNEQFF,3
CALSSNDYKLSF_CASRGRGTGAGREQFF,3
CALSSSNTGKLIF_CASSLGGTVKELFF,3
CALTGVSGGYNKLIF_CASSEVTGESETQYF,3
CALTITQGGSEKLVF_CASSLFSTGRYEQYF,3
CALTPPAGFGNVLHC_CAISPESFDREYQPQHF,3
CAMLGWGKLQF_CAIGEGGAKADGYTF,3
CAMRASSGGYQKVTF_CASSSTEVVGTNEKLFF,3
CAMRDNTGGFKTIF_CASRPGTGATNEKLFF,3
CAMRDTGRRALTF_CATSPAGTGSYEQYF,3
CAMREAGYNTDKLIF_CASSIGGQIYTEAFF,3
CAMREEVFRRALTF_CSVLPYLTDREEDTQYF,3
CAMREGAAGNKLTF_CASREDTLAKNIQYF,3
CAMREGRLGDDKIIF_CASSPTSGGLYNEQFF,3
CAMRELSDQTGANNLFF_CASSVGGTGELFF,3
CAMREPMGFGNVLHC_CASSQDNYGYTF,3
CAMREPNRDDKIIF;CAVETNAGKSTF_CASGALGSAHNEQFF,3
CAMRERGYNTDKLIF_CASSIDNDRGFPEAFF,3
CAMRGPTLTF_CASSLSGGANYGYTF,3
CAMRRPSGGYNKLIF_CASSESGSGDEQYF;CASSSSDSSSGNTIYF,3
CAMRRPSGGYNKLIF_CASSPSDGRSGNTIYF,3
CAMRVTSGTYKYIF_CSVAGVGAAGNTIYF,3
CAMSAGSGSARQLTF_CASSVRVGYGYTF,3
CAMSAGSNTGKLIF_CASSETGGDQPQHF,3
CAMSASTGNQFYF_CASRKGGRVRGEQYF;CASSYSGNGGATDTQYF,3
CAMSGGVNQFYF_CASSPKTGVVTEAFF,3
CAMSTGNQFYF_CSARRGTTQNTEAFF,3
CAMTLNNKLIF_CASSLGTTEAFF,3
CANAGGTSYGKLTF_CASWVGGWSYNEQFF,3
CANNQGAQKLVF_CASSQSYGQYF,3
CAPNSGGSNYKLTF_CASSIWGASGELFF,3
CAPSENTDKLIF_CASTETSGAAYNEQFF,3
CAPYFGNEKLTF_CASSLSTSFKLGTQYF,3
CARNTGGFKTIF_CASSPSTRPTGETQYF,3
CARSTLGGGADGLTF_CASSQTGGGGFSYNEQFF,3
CARTPSSNTGKLIF_CARVGTGSFEQYF,3
CASGGGDMRF_CASSLLAGGNTGELFF,3
CASMDSNYQLIW_CASSQEPLAGPMGTQYF,3
CASMDSNYQLIW_CAWNAGDTGELFF,3
CASMDSNYQLIW_CSARDLAGGENTGELFF,3
CASRKQLTF;CAVRDSNYQLIW_CSARGEGDSQPQHF,3
CASSDGQKLLF_CASSLTGESSYNEQFF,3
CASTSQGGSEKLVF_CASSWRGYEQYF,3
CATAAYSGAGSYQLTF_CASSPRGAGEAFF,3
CATARSDGQKLLF_CATSDPSGAGETQYF,3
CATDAKGGAQKLVF_CASSQIGTAFNSPLHF,3
CATDDNNDMRF_CASSLRDRGIEVRPQHF,3
CATDDWGSQGNLIF_NA,3
CATDPTGRRALTF_CASSGDDTQYF,3
CATEPNTGGFKTIF_CASSPTGSTGELFF,3
CATINQAGTALIF_CASSAGQGKETQYF,3
CATRNSGGYQKVTF_NA,3
CATTQGGSEKLVF_CASGQGSVNEQFF,3
CATVEIGGSYIPTF_CASSAIWGGGEETQYF,3
CATVLSGYNKLIF_CASSIDAATNEKLFF,3
CAVDTGGFKTIF_CASSLYRTTDTQYF,3
CAVEGGGSGNTGKLIF_CASISLEQYF,3
CAVESKYGGSQGNLIF_CASSIRSSWEQFF,3
CAVEVPVGGFKTIF_CASSYGREETQYF,3
CAVFDSNYQLIW_CASSDSDTDTQYF,3
CAVGAYNNARLMF_CASSVTKGLNEKLFF,3
CAVGDSNYQLIW_NA,3
CAVGEDSGTYKYIF_NA,3
CAVGPYNTDKLIF_CASGTGGASRNQPQHF,3
CAVGVGFGNVLHC_CASSLRQNTEAFF,3
CAVHEETSGSRLTF_CASSQGTTLQETQYF,3
CAVKASGGSYIPTF_CASSSAGTGGSDTQYF,3
CAVKDSGYSTLTF_CASSGGETQYF,3
CAVKDSNYQLIW_CASSHGQGGANVLTF,3
CAVKDSNYQLIW_CASSPVGESGELFF,3
CAVKDSNYQLIW_CSASRGGGVTEAFF,3
CAVKDSNYQLIW_NA,3
CAVKGSWGKLQF_CASSPTGDTQYF,3
CAVKNTGNQFYF_CASSVGGKVTSGPYNEQFF,3
CAVKVSRDGGSQGNLIF_CASSLGASWETQYF,3
CAVLDRETSGSRLTF_NA,3
CAVLDSNYQLIW_CASSEEAGGNYEQYF,3
CAVLGGFGNEKLTF_CASSYPGRPRRFF,3
CAVLGYNFNKFYF_CAWSSSDRVNTEAFF,3
CAVLTPYGNTPLVF_CASSVSGGTSAGATDTQYF;CASIKQGSTDYNEQFF,3
CAVMDSNYQLIW_CASSDRDNSPLHF,3
CAVMDSNYQLIW_CASSDSTGGGYTF,3
CAVMDSSYKLIF;CAVDTGRRALTF_CASSDSSGGYNEQFF,3
CAVMDSSYKLIF_CASSISGEPYNEQFF,3
CAVMDSSYKLIF_CASSQEIGTGGEKLFF,3
CAVNFNSGNTPLVF_CATSRDSPQETQYF,3
CAVNPGNQFYF_CASSLELSMGETQYF,3
CAVNRNTNAGKSTF_CASSVGNTIYF,3
CAVNTDKLIF_NA,3
CAVNTGFQKLVF_CASSVESGGHRAFF,3
CAVNTLYNFNKFYF_CASSSTSGGSTDTQYF,3
CAVPNNNARLMF_CASSPGQAGGTQYF,3
CAVPPNFGNEKLTF_CSARARGLSSYNEQFF,3
CAVPPRDTDKLIF_CASRTSGSLFNEQFF,3
CAVQAGDSWGKFQF_CASSEQGADTQYF,3
CAVQDSNYQLIW_CASSDSGEGQPQHF,3
CAVQDSNYQLIW_CASSHVLGDTGELFF,3
CAVQGGGGSYIPTF_CSARASSFTEAFF,3
CAVQGTMEYGNKLVF;CAVLHGGSQGNLIF_CASSLDRAAGSPLHF,3
CAVQLSGTYKYIF_CATSYSVGGHNEQFF,3
CAVQNNAGGTSYGKLTF_NA,3
CAVQSLVTSGSRLTF_CASSAPTGELFF,3
CAVQTYGGSQGNLIF_CASQLAGVNYEQYF,3
CAVRDGDYKLSF_NA,3
CAVRDNPGGATNKLIF_CASSQDGAGDLADEQYF,3
CAVRDQNYQLIW_CATLAGGVSGANVLTF,3
CAVRDRDYQLIW_CASSPLGETGPEKLFF,3
CAVRDSNYQLIW_CASSEASGGADTQYF,3
CAVRDSNYQLIW_CASSEVPGQDFNEQFF,3
CAVRDSNYQLIW_CASSVGGGAAGDEQFF,3
CAVREGNYQLIW_CASSEAPGGGASDTQYF,3
CAVREYTDKLIF_CASSQRDTLNTEAFF,3
CAVRGDYKLSF_CASSSYLAGPSTDTQYF,3
CAVRGQAGTALIF_CSALGRGDEQFF,3
CAVRGRDSSYKLIF_CSARTDISTDTQYF,3
CAVRGSNDYKLSF_CASSIGTEQFF,3
CAVRPRGNQFYF_CASSLEGDLTEAFF,3
CAVRQYSNYQLIW;CVVSASTGNQFYF_CASSLVQWEQYF,3
CAVRRSGNTPLVF;CAEMKDSSASKIIF_CASSLGTGPSYGYTF,3
CAVRSGSGGGADGLTF_CASSYYGGPYEQYF,3
CAVRSNFGNEKLTF_CSASPVPGQGVETEAFF,3
CAVRTGANNLFF_CASSVDSRNTEAFF,3
CAVSDSNYQLIW_CSARDIDSENTEAFF,3
CAVSDSNYQLIW_NA,3
CAVSGGDYKLSF_CASSDGGAAGELFF,3
CAVSRGSQGNLIF_CASSLDRAQTGELFF,3
CAVSSNAGGTSYGKLTF_CASSLSGGSGNTIYF,3
CAVSWNYGQNFVF;CALSGTNTGFQKLVF_CASSQSGLARHTQYF,3
CAVTDSNYQLIW_NA,3
CAVTSGTYKYIF_NA,3
CAVVDSNYQLIW_CSASPPSVTYNEQFF,3
CAVVRVSWGKLQF_CSARDNLEWGYTF,3
CAVVTGNQFYF;CAVMIGGTGGTSYGKLTF_CASSLTGFYEQYF,3
CAYQKGEYGNKLVF_CASSEGAFNYGYTF,3
CAYRSALEGGSQGNLIF_CASSPGTESYNEQFF,3
CAYRSGSWNAGGTSYGKLTF_CAWISEPDPLYNSPLHF,3
CAYRSPSYGGATNKLIF_CAIRASGGAGNEQFF,3
CAYVYRLNNNDMRF_CASSSGQGTGPQHF,3
CDDGQKLLF_CASSLSQGPQVAQHF,3
CGAMDSNYQLIW_CSARQGATSYGYTF,3
CGFIGNQGGKLIF_CASSYGAALYEQFF,3
CGFYGGSQGNLIF_CASSQSGPANEKLFF,3
CGTEPNAAGNKLTF_CSADALLAGGGTYEQYF,3
CGTEPYSGAGSYQLTF_CASRPGGSADTQYF,3
CGTSIKAAGNKLTF_CSATGEYSNQPQHF,3
CIHGGGADGLTF_CASMLRGGREGAFF,3
CIHVRGAGSYQLTF_CASSLGLASYNEQFF,3
CILDGGTSYGKLTF_CAIRVPGQVTEAFF,3
CILFPSNDYKLSF_CASSQDDRTGGDYEQYF,3
CILGVRYSGAGSYQLTF_CASSSPLGTDSNQPQHF,3
CILLRGGADGLTF_CASSLGGNAYEQYF,3
CILRASINTGTASKLTF_CASSLAAAGGYNEQFF,3
CILRGLNYGGSQGNLIF_CASSFSGTGYGYTF,3
CILRGNSGGSNYKLTF_CSVSRQLMNTEAFF,3
CILSRGAQKLVF_CASSYPARGTSGNTIYF,3
CIVGGRSGSSNTGKLIF_CASSWEPNSPLHF,3
CIVRATYYNQGGKLIF_CAISQGDLNTEAFF,3
CIVRDSYSGAGSYQLTF;CAVLNNTNAGKSTF_CASSRLAGGQDTQYF,3
CIVRGLGGSQGNLIF_CSATHRGLVSGNTIYF,3
CIVRGRPFSGNTGKLIF_CASSWRGHLGNTGELFF,3
CIVRVANAGGTSYGKLTF_NA,3
CIVRVATHGSSNTGKLIF_CASSQDIRADTQYF,3
CIVRVYGGSQGNLIF_CASSSIEGGRGEKLFF,3
CLVEGSQGNLIF_CASSAGRGAYNEQFF,3
CLVGALGPESGNTPLVF_CSAGGGGRVEKLFF,3
CLVGELPSGTYKYIF_CASSLAAGSYGYTF,3
CLVGERNQGGKLIF_CASSQDPNQPQHF,3
CLVGGGYSTLTF;CAVIMNRDDKIIF_CASMAGEQYF,3
CLVIGNYGQNFVF_CASSESPDTYNEQFF,3
CLVPMGPTGSARQLTF_CASTGDRSGTEAFF,3
CRAYNNNDMRF;CAVRGRGANNLFF_CASRVGSGSNQPQHF,3
CVADSNYQLIW_CASSQDPTGPFF,3
CVLRPGGSYIPTF_CASSLGVGQVVAEAFF,3
CVVGMNQAGTALIF_CASSISRDTGELFF,3
CVVHSNYQLIW_CASSEAPGQGLATNEKLFF,3
CVVLLGGGADGLTF_CASMRGGGNTGELFF,3
CVVNDRPGNQGGKLIF_CASTSFGRASSYEQYF,3
CVVNGEGTDKLIF_CSARDRASASETQYF,3
CVVNGRGSSASKIIF_NA,3
CVVNVGISNFGNEKLTF_CASSVWWGANEKLFF,3
CVVPVSGGYQKVTF_CASSLTEGMVQPQHF,3
CVVSAAGGTSYGKLTF_CASSPTTGVYNEQFF,3
CVVSAKLSF_CASSDSGNTEAFF,3
CVVSAPNQAGTALIF_CASSPPGTGLYNEQFF,3
CVVSDLDSNYQLIW_CASSPPGDPLGMGEQFF,3
CVVSDRAGRRALTF_CSVEIAATSYNEQFF,3
CVVSDRDDKIIF_CASSLSGTSEEQFF,3
CVVSDRDDKIIF_CASSLYGTHQPQHF,3
CVVSEAAGNKLTF_CASSQEGGGYREQYF,3
CVVSRGNNNARLMF_CASSSPMGSGYNEQFF,3
CVVSSDNYGQNFVF_CSAQTGLNEKLFF,3
CVVSWDITDKLIF_CASSQGQNTEAFF,3
CVVTAGYSTLTF_NA,3
CVVTGSFGNEKLTF_CASSVYPDATTNEKLFF,3
CVVTHTGGFKTIF_CAGPGTSHEQYF,3
NA_CAISETGTVNTEAFF,3
NA_CAITLGTPDGEAFF,3
NA_CASEGGAILYEQYF,3
NA_CASKSRGGSPLHF,3
NA_CASLDRSGTEAFF,3
NA_CASRDAGEQYF,3
NA_CASRSGTGGISYNSPLHF,3
NA_CASRVGFYEQYF,3
NA_CASSAGQVTDTQYF,3
NA_CASSARENQPQHF,3
NA_CASSDPMTGGEQFF,3
NA_CASSDRDTLIVGEAFF,3
NA_CASSDSDTDTQYF,3
NA_CASSEAIASYNEQFF,3
NA_CASSEAPGQGLATNEKLFF,3
NA_CASSEARGPLKGELFF,3
NA_CASSEDSSENTEAFF,3
NA_CASSESTGIYEQYF,3
NA_CASSESTGVQPQHF,3
NA_CASSESTGVREQYF,3
NA_CASSETGTSGFQETQYF,3
NA_CASSFGPVEAFF,3
NA_CASSFPDTQYF,3
NA_CASSFRTGRQETQYF,3
NA_CASSFTQREVDTQYF,3
NA_CASSGGDALSTDTQYF,3
NA_CASSHGLAEETQYF,3
NA_CASSHGWNTGELFF,3
NA_CASSIPGLAANTGELFF,3
NA_CASSISSVGVNIQYF,3
NA_CASSIVPGQEVATEAFF,3
NA_CASSLAAGSYGYTF,3
NA_CASSLASDRAQETQYF,3
NA_CASSLASGGGTYEQYF,3
NA_CASSLATGPSYEQYF,3
NA_CASSLFRTELNYEQYF,3
NA_CASSLGGLLYNEQFF,3
NA_CASSLGGNSYNEQFF,3
NA_CASSLGSGVVYNEQFF,3
NA_CASSLINFMQDPEAFF,3
NA_CASSLMTGEQFF,3
NA_CASSLNGGGVDTQYF,3
NA_CASSLPWGGPSEKLFF,3
NA_CASSLRTVLTGELFF,3
NA_CASSLSLAQETQYF,3
NA_CASSLTGPQSSYNEQFF,3
NA_CASSLWGGGRGETQYF,3
NA_CASSMTGMEGYGAFF,3
NA_CASSPDRASFTGELFF,3
NA_CASSPGAREKLFF,3
NA_CASSPGRTTYEQYF,3
NA_CASSPGTGIYNEQFF,3
NA_CASSPHGGTSYNEQFF,3
NA_CASSPKRPEAFF,3
NA_CASSPLVNYGYTF,3
NA_CASSPNAGPYEQYF,3
NA_CASSPPGGRNQPQHF,3
NA_CASSPPGTGLYNEQFF,3
NA_CASSPRDRQFF,3
NA_CASSPRERSPGELFF,3
NA_CASSPRGSGDTDTQYF,3
NA_CASSPTGEDQPQHF,3
NA_CASSPTGNYGYTF,3
NA_CASSQAPGGEQFF,3
NA_CASSQDFYQRNTEAFF,3
NA_CASSQDPIFGSSRENIQYF,3
NA_CASSQDTSGSYEQYF,3
NA_CASSQEGLAGGTFNEQFF,3
NA_CASSQEVGLARAETQYF,3
NA_CASSQGWGSDEKLFF,3
NA_CASSQVLGQEISGANVLTF,3
NA_CASSQVRGQSSYEQYF,3
NA_CASSRLAGGQDTQYF,3
NA_CASSRLAGGTDTQYF,3
NA_CASSRTDYNEQFF,3
NA_CASSRVGTGDADTQYF,3
NA_CASSSAFLLTSYNEQFF,3
NA_CASSSDRNSPLHF,3
NA_CASSSGPRWTEAFF,3
NA_CASSSGSAIQPQHF,3
NA_CASSSPGQPEAFF,3
NA_CASSSRWDTEAFF,3
NA_CASSSTGTSSGELFF,3
NA_CASSTGDSNQPQHF,3
NA_CASSVGQTYEQYF,3
NA_CASSYLTVNTEAFF,3
NA_CASSYQGDTQYF,3
NA_CASSYQTGVGAYGYTF,3
NA_CASSYSTVGEGLDEQFF,3
NA_CASSYWAGRGDTQYF,3
NA_CASSYYRGGRTGELFF,3
NA_CASTIEGRRYGYTF,3
NA_CASTLGPSGSDEQFF,3
NA_CASTPRDRYRAFF,3
NA_CASTPSSRANTGELFF,3
NA_CATADRAWNNQPQHF,3
NA_CATRFAGGGTFQETQYF,3
NA_CATSASVGGYYNEQFF,3
NA_CATSGQSNEQFF,3
NA_CATSRDSQGSYGYTF,3
NA_CSALGSSGRTNEQYF,3
NA_CSAQPYWNTEAFF,3
NA_CSARDIDSENTEAFF,3
NA_CSARDPRLAGRGYNEQFF,3
NA_CSARRGTTQNTEAFF,3
NA_CSARVLRGRSNYGYTF,3
NA_CSASDRSSTEAFF,3
NA_CSASGRAFGTEAFF,3
NA_CSASLRGLEQFF,3
NA_CSASRDTGYEQYF,3
NA_CSASTPSSYNEQFF,3
NA_CSASWSGGTGELFF,3
NA_CSASYPGQGSDGYTF,3
NA_CSATPPGQGSGELFF,3
NA_CSAWGNQGLYEQYF,3
NA_CSVAGVGAAGNTIYF,3
NA_CSVETGIKRYTEAFF,3
NA_CSVGGSFYGYTF,3
NA_CSVRVLGNEQFF,3
CAAAAEQLTF_CASSSLHRGLDEKLFF,2
CAAADSNYQLIW_CASSDGTSGADTQYF,2
CAAAGTGFQKLVF_CASSVARTGGDGYTF,2
CAAASSGTYKYIF_CASNIRRVANTEAFF,2
CAADISSGSARQLTF;CVVIKVLGYGNKLVF_CASSHQGITEAFF;CASFGMVNYGYTF,2
CAADNFNKFYF_CASSRTMGYYEQYF,2
CAAFNQAGTALIF_CASSNLGALSTGELFF,2
CAAGASGTYKYIF;CALNLSGGYQKVTF_CASSPHRQAHNEQFF,2
CAAGDQGGSEKLVF_CASSFGGYYEQYF,2
CAAGGANNLFF_CASSQDRGVRTEAFF,2
CAAGGREGFGNVLHC;CALSDEGYGNKLVF_CASSRQTGPTPLHF,2
CAAGLRGSASKIIF_CASSQGAPGSTDTQYF,2
CAAGMAQKLVF_CASSPEGRWRGAEGGTDTQYF,2
CAAGNMLTF_CASSFTGRGEQFF,2
CAAGNTNAGKSTF_CASSFQMNTEAFF,2
CAAGSNRDDKIIF_CALPRRGGKYEQYF;CAWSGTGGATDTQYF,2
CAAGYGDNFNKFYF_CSALEAGVKETQYF;CASSPQHRLGDEQFF,2
CAAGYGDNFNKFYF_NA,2
CAAHRGSNYKLTF_CASSSTSYEQYF,2
CAAIDSGGYNKLIF_CASTLAGGLREQYF,2
CAAILAGKSTF_NA,2
CAAKFDRGSTLGRLYF_CASGGLGANYGYTF,2
CAAKGSEKLVF_CASSSQGGGHTEAFF,2
CAAKKAGNNRKLIW;CALGKGDSWGKFQF_CATSLSDWGVSTDEQYF;CASSSPSGRDTDTQYF,2
CAALDSNYQLIW_CASSRSGAPDEQFF,2
CAALDSNYQLIW_CASTHGQLTTDTQYF,2
CAALDSNYQLIW_CAWNRGRNEKLFF,2
CAALDSNYQLIW_CSAHYGLAGGIQETQYF,2
CAALDSNYQLIW_CSARQTNPKGSAYEQYF,2
CAALDSNYQLIW_NA,2
CAALETSYDKVIF_CASSAPGLAANTGELFF,2
CAALGGSQGNLIF_CASSGTGTSALSGANVLTF,2
CAALLQGGSEKLVF_CASSLQRGEDTGELFF,2
CAALNSGGYNKLIF_CASSPIRVREKLFF,2
CAALPGAAGNKLTF;CAVRGITAAGNKLTF_CASSLGADTPQETQYF,2
CAALPYNTDKLIF_CSATGGYEQYF,2
CAALRWGGGSNYKLTF_CASSRGQGGMNTEAFF,2
CAALSSGTYKYIF_CASSIQGANTEAFF,2
CAALTGANSKLTF_CASNLNLGAQGYTF,2
CAALYSSASKIIF_CASSPGQIPNYGYTF,2
CAAMDSNYQLIW_CASKAGEDTGELFF,2
CAAMDSNYQLIW_CASSAQAGSSYEQYF,2
CAAMDSNYQLIW_CASSEASGGAGEQYF,2
CAAMDSNYQLIW_CASSERGNGYTF;CASSEGSGGSGEQFF,2
CAAMDSNYQLIW_CASSGGNQPQHF,2
CAAMDSNYQLIW_CSARDLQAHTGELFF,2
CAAMDSNYQLIW_CSARQGDTEAFF,2
CAAMDTGGFKTIF;CVVNGASGSARQLTF_CASSSLGFGQFF,2
CAAMGTSYDKVIF_CASSTGQGDGNTIYF,2
CAAMLTGGGNKLTF_CASSGGEETQYF,2
CAANNLREYGNKLVF_CASRTGEIGYTF,2
CAANSGGSNYKLTF;CVVKDNYGQNFVF_CASSGTNYGYTF;CASSGLGQPQHF,2
CAANTGNQFYF_CASSQGTGTSGTPVREGANVLTF,2
CAAPDASKIIF_CASSPPEAGYTSSTDTQYF,2
CAAPDMDSSYKLIF_CASSLSQGFYEQYF,2
CAAPPGSQGNLIF_CASSYSFRGGNTEAFF,2
CAAPRAYKYIF;CAVREGDYKLSF_CSALMSAIPNTIYF;CASSSDRAFGAFF,2
CAAPRGSTLGRLYF_CATGSEGETQYF,2
CAAPYSSASKIIF_CASSIGTSGGNEQFF,2
CAAPYSSASKIIF_CASSIPGAYEQYF,2
CAAQLNAGNNRKLIW_CASSRTGTGNTIYF,2
CAAQRSTLTF_CSVGRGTYQETQYF,2
CAAQTGNQFYF_CSVGQGGPADTQYF,2
CAARDSGGYQKVTF_CASGRDRNSYEQYF,2
CAARDTLQGAQKLVF_CASRPGRTTNEKLFF,2
CAARFTGGGNKLTF_NA,2
CAARGARLMF_CASSYSAGANVLTF,2
CAARGASGSRLTF_CSARTGGYGYTF,2
CAARGGSQGNLIF_CASSPGQFYNEQFF,2
CAARGIEGFGNVLHC_NA,2
CAARGSQGNLIF_CASSFSTYSNQPQHF,2
CAARGSSYKLIF_CASGRTGSTDTQYF,2
CAARLIYTDKLIF_CSVEEELYIGYTF,2
CAARLSGGGADGLTF_CASSQGGGPDTQYF,2
CAARQTGNQFYF_CAIRGTGIAQPQHF,2
CAARSDRRGSQGNLIF;CAVRVIQGAQKLVF_CASSQTGLSSGANVLTF,2
CAARSSGSARQLTF_CSVELGVQNYGYTF,2
CAARTSGTYKYIF_CASSLVGGPRETQYF,2
CAARYSSASKIIF_CATSDREARTEAFF,2
CAASAAAGNQFYF_CASSGTANYNSPLHF,2
CAASACGNNRLAF_CASSLGPGQGNYGYTF,2
CAASAEARLMF_CASSFRGGAYNEQFF,2
CAASAGGNNRLAF_CASNEVNSPLHF,2
CAASAIRGAQKLVF_NA,2
CAASAIRGNEKLTF_CASSRHNTQYF,2
CAASALAQGGSEKLVF_CASSRTSGGNQETQYF,2
CAASALGTYKYIF_CASHRGRSGTNEKLFF,2
CAASALRGDDKIIF_CASSLGAAAGRDTQYF,2
CAASANSGAGSYQLTF_CAIRRPTSGAYNEQFF,2
CAASAPFRGANSKLTF_CASSLSQGLEETQYF,2
CAASARAAGNKLTF_CASSPSRESGYTF;CASSETGTEAFF,2
CAASARDYKLSF_CAWETGSGYTF,2
CAASARNNNDMRF_CASSVRPGTANEKLFF,2
CAASARNSGGSNYKLTF;CAVTVYGGATNKLIF_CASKISGGGGGEQFF;CASSLVPRDTQYF,2
CAASARRVWEKLVF_CSAQAQETQYF,2
CAASATWTGKLIF_CASRGLAGEQYF,2
CAASDLNSGQKLLF;CALEGNARLMF_CSVVWGYGYTF;CSAREGSGGIAKNIQYF,2
CAASDSNYQLIW;CVGGGGSYIPTF_CASSFGLDTDTQYF,2
CAASDSNYQLIW_CSAQVVGQGDSGELFF,2
CAASEEGGTYKYIF;CASNPSVGRDDKIIF_CASSPPLDGAIYF,2
CAASERYKLSF_CASSQGLRTDTQYF,2
CAASEWEYGNKLVF_CASTRVMNTEAFF,2
CAASFVTSYGKLTF_CASSLDSGTGGIQFF;CAISGGGQGDSPLHF,2
CAASGGATNKLIF_CASSYEGRKAFF,2
CAASGGFNKFYF_CASSVGVADGYTF,2
CAASGGGADGLTF_CASSQVGPGAEAFF,2
CAASGGGADGLTF_CASTGRDLSGNTIYF,2
CAASGGGSNYKLTF_CASSPEVGTSYNEQFF,2
CAASGLLSGTYKYIF;CAVSDTSGSARQLTF_CASSTPAGLYGYTF,2
CAASGLNNNDMRF_CASSQDLAPYNEQFF,2
CAASGRQGGSEKLVF_CASSFGGGQEKLFF,2
CAASGSGSARQLTF_NA,2
CAASGSSASKIIF;CAVMDSNYQLIW_CATSVGALDTGELFF,2
CAASGVTQGGSEKLVF_CASSLAGNYGYTF,2
CAASGVTQGGSEKLVF_CASSPASGPYEQYV,2
CAASGWGGGADGLTF_CASSQGRQGDSPLHF,2
CAASHSGGGADGLTF_CASSQLPGHHEQYF,2
CAASHSSGGYNKLIF;CAGFSGGYQKVTF_CASSLGGSEAFF,2
CAASIAYSSASKIIF_CSVSSNPNTEAFF,2
CAASIEGATNKLIF_CASSLEGSDTGELFF,2
CAASINAGNNRKLIW_CASTITRGGTYHEQFF,2
CAASIQAGNNRKLIW_CASRSQGTDTQYF,2
CAASIRTGRRALTF;CVPEGNYQLIW_CASTNTAVGTEAFF,2
CAASISNNNDMRF;CAVDFTGGGNKLTF_CASSLTAWEQFF,2
CAASKGDYKLSF_CASSQAGADGYTF;CASRSGGNEQYF,2
CAASKGETSYDKVIF_CASSPASYEQYF,2
CAASKGGSYIPTF_CSARGGGQAFSYEQYF,2
CAASKGPTGGSQGNLIF_CASKISGGGGGEQFF,2
CAASKGSGTYKYIF_CAWKLAGANTGELFF,2
CAASKLLTGGGNKLTF_CAITSGYNEQFF,2
CAASKRAAGNKLTF_CAISNGPGDGYTF,2
CAASLINAGGTSYGKLTF_CASSLGPGRFQPQHF,2
CAASLQTGANNLFF_CSSRADSYNEQFF,2
CAASMGGGADGLTF_CASSPRDGNTEAFF,2
CAASMLSNDMRF_CASSEGPANQPQHF,2
CAASMNRGSTLGRLYF_CASSTDARSSYNSPLHF,2
CAASMRSGGSYIPTF_CASSSDPGLPEQYF,2
CAASMSEYNTDKLIF;CAVRSILTGGGNKLTF_CASSLPGGVLSTDTQYF,2
CAASMSGVQGGSEKLVF_CSAQTGAGYGYTF,2
CAASMVDYGQNFVF_CSAPYSLNEQFF,2
CAASNGGNYQLIW_CASSYGSSGPLTDTQYF,2
CAASNNNAGNMLTF_CASSGPWGTELFF,2
CAASPETSGSRLTF_CASSSRDISKAFF,2
CAASPITGSARQLTF_CASSLSTALHF,2
CAASPQNSGGSNYKLTF_CASRGEVSQIF,2
CAASPSGGSYIPTF_CASSLGRSHTQYF,2
CAASQPNAGKSTF_CASSTGTELAKNIQYF,2
CAASQPNAGKSTF_NA,2
CAASQSGGSYIPTF;CAVEGSGGSNYKLTF_CASSPTLNQPQHF;CASRRYTEAFF,2
CAASRGDDKIIF_CASTFLGGNTEAFF,2
CAASRGEYGNKLVF_CASSFRQGAGETQYF,2
CAASRGFGNVLHC_CASSGSGGFTDTQYF,2
CAASRGGNAGKSTF_NA,2
CAASRKWGGGSNYKLTF_CASSVGGGQGVMDEQFF,2
CAASRNTGGFKTIF;CAVSGTGTASKLTF_CASSLSGGATYEQYF,2
CAASRSGNTGKLIF_CASSTRGAGGADTQYF,2
CAASSFQAGTALIF_CASSRTGDDSPLHF,2
CAASSFSSNTGKLIF_CASTFGQGPFGYTF;CASRGQANQPQHF,2
CAASSGDSNYQLIW_CASSFFVVQVYSGANVLTF,2
CAASSGNTPLVF;CAGNPLNSGGGADGLTF_CASSLAVTGINEQYF;CASSLLVPSDTQYF,2
CAASSGTYKYIF_CASSDWGNQPQHF,2
CAASSGYALNF_CASSFSGTGNTGELFF,2
CAASSNFGNEKLTF_CSARIIGTSGEQFF,2
CAASTGDSGYALNF_CASSLERGNYEQYF,2
CAASTGDSSYKLIF;CAVSTPEYGNKLVF_CASSQNTYEQYF;CASGLARELFF,2
CAASTGGYNKLIF_CASSLGLAGSNTGELFF,2
CAASTGNQFYF_CASSLSASFETQYF,2
CAASTSGGSNYKLTF_CASSTAWGGATEAFF,2
CAASVAGKLIF_CASSFGRANEKLFF,2
CAASVTIPEIGTALIF;CAAPISDGQKLLF_CASSQGWLTETNEKLFF,2
CAASYGNNRLAF_CASSSPGRSGANVLTF,2
CAASYGQNFVF_CASSYELGPDEKLFF,2
CAASYLIGFGNVLHC_CASSFGGLGTEAFF;CASTHGSSYEQYF,2
CAATDSGTYKYIF_CASSYSRSTEAFF,2
CAATFTGTASKLTF_CSAPSAGGVQPQHF,2
CAATHAGGTSYGKLTF_CASSPTGGRNSPLHF;CASSVAETLMNTEAFF,2
CAATHAGGTSYGKLTF_CASSVAETLMNTEAFF,2
CAATHAGGTSYGKLTF_CSARDPGTSDPNTGELFF;CASSVAETLMNTEAFF,2
CAATKSGGSNYKLTF_CASSFVGTGGKAFF,2
CAATNAGKSTF_CASSLVFSGGAYEQYF,2
CAATNFGNEKLTF_CSASGTSGGAAFNEQFF,2
CAATNSGYSTLTF_CSSSGGETQYF,2
CAATPGANNLFF_CSAFRSQGRGSPLHF,2
CAATPSNSGYALNF_CASSQDAGPRETQYF,2
CAATSGAGSYQLTF_CASSPAADRPTQYF,2
CAATSGTYKYIF_CASRPDYRTDTQYF,2
CAATSRFSDGQKLLF_CSARNSYNEQFF,2
CAATVGTYKYIF_CASIPVQGSYNEQFF,2
CAAVASGSARQLTF_CASSRARGASTDTQYF,2
CAAVDSNYQLIW_CASSPNPGSGADTQYF,2
CAAVGFNFGNEKLTF_CASSLEVSVYTGELFF,2
CAAVSGAGSYQLTF_CASSASRTGNYGYTF,2
CAAYAPGGGNTGKLIF;CAVGALNSGNTPLVF_CASSVVTTDTQYF,2
CAAYILTGGGNKLTF_CASSQAYRGPSAGYTF,2
CAAYKVPFTGKLIF_CASSTQGNEQFF,2
CAAYNFNKFYF_CASSQGGRYQETQYF,2
CAAYQDSNYQLIW;CALQGSGGYQKVTF_CSASGGGGSYEQYF;CASRPSGRSYGYTF,2
CACMDSNYQLIW_CSARDYGTENNEQFF,2
CADAWGSARQLTF;CVVSDRGSTLGRLYF_CASSPPGGDQTDTQYF,2
CADCTDKLIF_CASSFLGQPQHF,2
CADGANYGQNFVF_CSARWGDSGNTIYF,2
CADHSSASKIIF_CASSPGTGNSGANVLTF,2
CADIYGQNFVF_CSAPLGGSSPLHF,2
CADLYGQNFVF_CASRPSTGELFF,2
CADPDGQKLLF_CASSQVQGFGTEAFF,2
CADPDTGRRALTF_CASSIQGDYEQYF,2
CADPRPTNDYKLSF_CASSSTSLSTDTQYF,2
CADSGGSNYKLTF_CASSQTEDNEQFF,2
CAEDGGTSYGKLTF_CASSSGGYSYGYTF,2
CAEDNNNDMRF_CSARVIGGANEKLFF,2
CAEFSTDSWGKFQF_CASSQDQLSYEQYF,2
CAEGGYSTLTF_CASSWGQGGETQYF,2
CAEIDTGGFKTIF;CAVRSPRLSGGSYIPTF_CASSEGIGRGDEQYV,2
CAEIETGANNLFF_CASSHGLAGVSSTDTQYF,2
CAEIFCSNTNAGKSTF_CASSYRDRAGYTF,2
CAEIGGAGNMLTF_CASSLGEVLGGNTIYF,2
CAEIGGGGGSQGNLIF_CASSETGTEAFF;CASSVAGTGANVLTF,2
CAEIGGGGGSQGNLIF_CASSETGTEAFF;CASTTGTGGVNGYTF,2
CAEIGGGGGSQGNLIF_CASSFGGLGTEAFF;CASSETGTEAFF,2
CAEILCDNFNKFYF;CAPPSGSARQLTF_CASSVAGRPADEQFF,2
CAEILRSNDYKLSF_CAWSLQGTSSGNTIYF,2
CAEILYSGTYKYIF_CSARDPESDQPQHF,2
CAEITLNNYGQNFVF_CASTDRGETGELFF,2
CAEITTSGTYKYIF;CAVNMYRDDKIIF_CASSPGGVSIEAFF,2
CAEKGAGNMLTF;CALSNFNKFYF_CASSEEATPSYGYTF,2
CAEKGGGGSNYKLTF_CASSPAGAGELFF,2
CAEKGGSQGNLIF_CASRDHSGNTIYF,2
CAEKSKSWGKLQF_CAWRQAFDVNQPQHF,2
CAEKTGGGYQKVTF_CSVNPGGDYGYTF,2
CAEKTNDKLSF_CASSSGPNTEAFF,2
CAENANLMKTSYDKVIF_CSATPRGETQYF,2
CAENDGRGSTLGRLYF_CASSLQGDTEAFF,2
CAENDWTQGAQKLVF_CASKKLWLDTQYF,2
CAENEGGDFNKFYF_CASSYQGDTQYF,2
CAENEGGGYNKLIF_CSASEWGQGPNNEQFF,2
CAENGSEYGNKLVF_CSARWWRSYNEQFF,2
CAENKGTSYGKLTF;CAYRRVGFAGANNLFF_CASSLQGADGYTF,2
CAENLLAAGNKLTF_CSVSQGGTEAFF,2
CAENMWTSYGKLTF_CASSLEEAGQETQYF,2
CAENPRNTPLVF_CASSFVGGTDTQYF,2
CAENRGAGGSEKLVF_CASSLGPSNYGYTF,2
CAENRGFKTIF_CAWSVMGLQGMDQPQHF,2
CAENTGANSKLTF_CASSFRGGDTGELFF,2
CAENTGGGSYIPTF;CAVGGSGNTGKLIF_CASSETRGRVSGYTF;CASSERAQPQHF,2
CAERAGGTSYGKLTF_CASSSDRDTQYTGELFF,2
CAEREGRGSTLGRLYF_CASSLVGGSNQPQHF,2
CAERGDSWGKLQF_CAISGQGVNTEAFF,2
CAERGNQGGKLIF_CASSQVRAGTANSPLHF,2
CAERGTNAGKSTF_CASRGTGELFF,2
CAERPDAGNMLTF_CASSQDAGYGNEQFF,2
CAERRGYNFNKFYF_CASSLEGQSPGNTIYF,2
CAERSSGTYKYIF_CASSFGRGGETQYF,2
CAESFSGYSTLTF_CASSLNRGRGNEQFF,2
CAESIDSASKIIF_CASSPPGGGSPETQYF,2
CAESIGGYQKVTF_CASSYDSGANVLTF,2
CAESLSGYSTLTF_CASSPSIRDRARDEQFF,2
CAESNSGYSTLTF_CASSGEGPSYEQYF,2
CAESQAGDGQKLLF_CASSITGAEQYF,2
CAESQNSNYQLIW_CASSPGAGTGELFF,2
CAESRGDNAGNMLTF;CAGADSGGSYIPTF_CASTPGGDTGELFF,2
CAETEGSGNTGKLIF_CASSPTGSRVAFF,2
CAETGEGGKLIF_CSVGGSFYGYTF,2
CAETGSARQLTF_CASSGGEYEQYF,2
CAETHNQGGKLIF_CSARVFGRAGQGAQYF,2
CAETLNYGGATNKLIF_CASSYPTGELFF,2
CAETPLYSGAGSYQLTF;CAVEDNNTPLVF_CASSPETGDDEKLFF,2
CAETPQATPLVF_CASSQSPGGTQYF,2
CAETRGNTPLVF_CASTIANYGYTF,2
CAETRTGGGADGLTF;CATSTDSWGKLQF_CASSTGEGTEAFF,2
CAETSFNFNKFYF;CAVMDSNYQLIW_CASSDSSNRGDTDTQYF,2
CAETSYGQNFVF_CASSAGQVTDTQYF,2
CAETYTGTASKLTF_CASTPSGGVANEQFF,2
CAEWDNNARLMF_CASSYTGGYNEQFF,2
CAEWMSSNYKLTF_CSARDRSGSPYEQYF,2
CAFDDQTGANNLFF_CASSPSDLAYEQYF,2
CAFDFGNEKLTF_CASSYFDRFDEAFF,2
CAFDPNTGNQFYF;CALNVSGGYNKLIF_CASSKGGFREFPYEQYF,2
CAFDSGAGSYQLTF_CASSLELGLRNQPQHF,2
CAFFTSGTYKYIF_CSARGQTANTEAFF,2
CAFGTGNNRKLIW_CSAGRWGEGAEAFF,2
CAFIIQGAQKLVF_CATDRRRINQPQHF,2
CAFIRAGAGSYQLTF_CASSGQGREEETQYF,2
CAFIVTWRAGSYQLTF_CASSSEGQAENEQFF,2
CAFKPNSGYALNF_CASSLDLGLAGASTDTQYF,2
CAFKTGGFKTIF_CSVEERGGGTEAFF,2
CAFLSQGGSEKLVF_CASSFRGGGSTDTQYF,2
CAFMDSNYQLIW_CASSPRTSGGYNEQFF,2
CAFMGDSGGGADGLTF_CASSYSSWTNTEAFF,2
CAFMIIPGGSEKLVF_CASSLGGGDQETQYF,2
CAFMKLDSNYQLIW_CASSVDGTIYF,2
CAFMKLINAGNNRKLIW_CASSPEGDQPQHF;CASSPGEPYNEQFF,2
CAFMKLNFGNEKLTF_CASSQDGVWGFTEAFF,2
CAFMKRGNTDKLIF_CSAAGTSGGASYNEQFF,2
CAFMKSNSGSARQLTF_CASSPGGETQYF;CASRAGTGGNSPLHF,2
CAFMLLTGTASKLTF_CSARDPTGVNQPQHF,2
CAFMNRDDKIIF_CASSPPSPGLAGDPDTQYF,2
CAFMNRTNSGNTPLVF_CASSRAGGWGTEAFF,2
CAFMPGSARQLTF;CVASGGSYIPTF_CASSSTALEQYV,2
CAFMSYGNQFYF_CATSRGGTETSYEQYF,2
CAFMVNSGNTPLVF_CASRGRLATYEQYV,2
CAFMWDDYKLSF_CASSLLLQGAMKYF,2
CAFNPGTASKLTF_CSAPGQANTEAFF,2
CAFNVGAGGTSYGKLTF_CASSPLAGRGQPQHF,2
CAFQGGSEKLVF_CASSSTSGAAGTDTQYF,2
CAFQRGNTPLVF_CSASPGTSPSSYEQYF;CASSFWRRGRETQYF,2
CAFRRGGSYIPTF_CASSVDYSGEQYF,2
CAFSASYTGTASKLTF_CASSGRGNQPQHF,2
CAFTPTGANSKLTF_CASSPVGQGRQETQYF,2
CAFTQGAQKLVF_CASSVATGVGYTF,2
CAFTTGGGADGLTF_CASSDRGQRTGELFF,2
CAFTTGNTPLVF_CASSEMSGADYEQYF,2
CAGAAGNKLTF_CASRLAGGVEQFF,2
CAGADFGNEKLTF;CARPGGYSSASKIIF_CASSLWVSGELFF;CASKGGTESNQPQHF,2
CAGAESNFGNEKLTF_NA,2
CAGAGDSSGSARQLTF_CASSLLSGGPYNEQFF,2
CAGAKGAGNMLTF_CASSYAGGRGEQYF,2
CAGAKNAGNMLTF_CASSFSRVYNEQFF,2
CAGAPLDSNYQLIW_NA,2
CAGAREDSNYQLIW;CALSRTGRRALTF_CASSQLTSSYNEQFF,2
CAGASNLSWGKLQF_CASSLAPGQPQHF,2
CAGAVGDSWGKLQF_CATSRDSGREVTGELFF,2
CAGAWDTNAGKSTF_CASSTGIFNYGYTF,2
CAGAWRSSASKIIF_CASSWDRVGLETQYF,2
CAGAYEDSSYKLIF_CASSRTRHNSPLHF,2
CAGDLSELYGGSQGNLIF_CASSPHGASGLYEQFF,2
CAGDPDSWGKLQF_CASRTTSGRQETQYF,2
CAGEDGGTSYGKLTF_CSTEEAFF,2
CAGEEAAGNKLTF_CASGILNTGELFF,2
CAGEGAGGTSYGKLTF_CASSSIPGQSNQPQHF,2
CAGENTGGFKTIF_CSARVADSYNYGYTF,2
CAGERNTGGFKTIF_CASSLGSAVYNEQFF,2
CAGFNTGRRALTF_CASSLGSGTEAFF,2
CAGFRLMDSSYKLIF_CASSPEDRREQYF,2
CAGFTGGGNKLTF_CASSGEIPSGANVLTF,2
CAGGDSNYQLIW_CASSGASSYEQYF,2
CAGGGGSNYKLTF;CAVSPRGSNYKLTF_CSARGTITNSPLHF,2
CAGGGSQGNLIF_CASSEGSGTFYEQYF,2
CAGGKDSNYQLIW_CASNLMAGGSTDTQYF,2
CAGGNVLHC;CAVRWGQNFVF_CASSPEGDQPQHF,2
CAGGPLGNQFYF_CASRLAHANYGYTF,2
CAGGRGSQGNLIF_CAKGQGRDGYTF,2
CAGGSEETSGSRLTF_CSASKGGHTQYF,2
CAGGSGNTDKLIF_CASSEAGTGFQPQHF,2
CAGGSYIPTF_NA,2
CAGGVGFGNVLHC;CAASF_CAWRLERQGYGYTF,2
CAGGWNKLIF;CVVSAKGGGNKLTF_CASSLAAGVTVYEQYF,2
CAGHDYKLSF_CSVSGGAGTEAFF,2
CAGHKGAQKLVF_NA,2
CAGIYGGSQGNLIF_CASSYDSTDTQYF,2
CAGKKSSGDKLTF_CASSLIFGTGGSYNEQFF,2
CAGKLTGGGNKLTF_CATNNPRSGKGTEAFF,2
CAGKNTNAGKSTF_CASSDSGARVTEAFF,2
CAGLDSNYQLIW_NA,2
CAGLGGGTSYGKLTF_CASSTVGTAAYEQYF,2
CAGLGNNDMRF_CASSQRGGAYGYTF,2
CAGLMEYGNKLVF_CATKSGLYTEAFF,2
CAGLSGGYNKLIF_CASSYGRRNTEAFF,2
CAGLSGNTGKLIF_CASKKDTWNSPLHF,2
CAGMDSNYQLIW_CASSETSGGATDTQYF,2
CAGMNRDDKIIF_CASSYSPGTANTEAFF,2
CAGNLFQGGSEKLVF_CATSRDLVRASEKLFF,2
CAGNVLHC_CASSLEYQQNTEAFF,2
CAGPQTGANNLFF_CASSRTRDNTIYF,2
CAGPRGGSQGNLIF_CASRYDRGGSDTQYF,2
CAGPRGSGDKLTF_CASSLKTSGGSYEQYF,2
CAGPYSGAGSYQLTF_CSARDDRQGDYEKLFF;CASSLGRTDYGYTF,2
CAGQEGYRDDKIIF;CAYYRDDKIIF_CASSVAGTGGRDTQYF,2
CAGQGGTSYGKLTF_CSARAVAETQYF,2
CAGQGSGGSNYKLTF;CAYIESNYQLIW_CAWGEGSGNTIYF,2
CAGQLLGKLIF_CASSYFGGEQYF,2
CAGQLPPNNAGGTSYGKLTF_CASSPYLNSNQPQHF,2
CAGQLRGTSYGKLTF_CAISRSDSPDEQYF,2
CAGQQTGANNLFF_CASSEFLRQLYYGYTF,2
CAGQRGSQGNLIF_CASSPRGDDPDTQYF,2
CAGQRGSQGNLIF_NA,2
CAGQSSGNTGKLIF_CASSQWERDETQYF,2
CAGQTGGGNKLTF;CAVNPGGAGSYQLTF_CSARDRGRTYEQYF;CASSPEGRSSATNEKLFF,2
CAGQVTSGTYKYIF_CASSHPQGSNEKLFF;CASRGTSGGVNTGELFF,2
CAGQYGNKLVF_CASSLARVKAQETQYF,2
CAGRDNTDKLIF_CASSESQGVSEAFF,2
CAGRDSSGYALNF_CSVSTSGYSSYNEQFF,2
CAGRGGSGNTGKLIF_CASSLAGVNTGELFF,2
CAGRGTGANNLFF_CASSLGGAVETQYF,2
CAGRKLSNYQLIW_CASSPEGLSGEQFF,2
CAGRLMNGRNFGGAGSYQLTF_CASSLGQIYEQYF,2
CAGRNYGGSQGNLIF_CASSESVDSPGANVLTF,2
CAGRRGSQGNLIF;CAESEGGNTPLVF_CASRSSTSTDTQYF,2
CAGRRIDNYGQNFVF_CASSPGTNYGYTF,2
CAGRRNSGGSNYKLTF_CASREGTPADTQYF,2
CAGRRYTGNQFYF_CASSILTGAMTEAFF,2
CAGRYSGGGADGLTF_CASSQDAPPAGAYQETQYF,2
CAGSADRGSTLGRLYF_CASSQDWASGKMEQYF,2
CAGSPNSGTYKYIF_CASSLGQGVFYGYTF,2
CAGSTDSWGKLQF_CASSPGANYGYTF,2
CAGSTDSWGKLQF_NA,2
CAGTDSNYQLIW_NA,2
CAGTIKAAGNKLTF_CASSSTRGYTGGYTF,2
CAGTNQAGTALIF_CASRDEGTQYF;CASSLGYPGGGLPQHF,2
CAGTNQAGTALIF_CASSLEGQTYYGYTF;CASSLGYPGGGLPQHF,2
CAGTNQAGTALIF_CASSLGYPGGGLPQHF;CAWSFAMGMYNEQFF,2
CAGTNQAGTALIF_CASSPPGTYEQYF;CASSLGYPGGGLPQHF,2
CAGTNQAGTALIF_CASSYWDRASGANVLTF;CASSLGYPGGGLPQHF,2
CAGTNYQLIW_NA,2
CAGTTSGTYKYIF_CASSTGLAGRKDQETQYF,2
CAGVAGTASKLTF_NA,2
CAGVDSNYQLIW_CSARDGTSDNNEQFF,2
CAGVGAGSYQLTF_CASSSDSGSAFF,2
CAGVGAGSYQLTF_NA,2
CAGVLVRALMF_CAIRDVNGNTGELFF,2
CAGVWANDYKLSF_CASSLFQGAYEQYF,2
CAGYKIDEYRDDKIIF_CASRRGLLNEQFF,2
CAGYNQGGKLIF_NA,2
CAHNNAGNMLTF;CVVNWGNDMRF_CASSGGPGANTGELFF,2
CAHNNAGNMLTF_NA,2
CAHNYGQNFVF;CAPLPRDDKIIF_CSVAGLAGDLRGATQYF;CAWSRLSGGYTGELFF,2
CAIMDSNYQLIW_CASSQVLAGGPSDTQYF,2
CAIYKGSGNTGKLIF_CASSQPQGANEKLFF,2
CAIYPQGGAQKLVF_CASNPGTDYGYTF,2
CALDELSF_CASSAAGNYNGNQPQHF,2
CALDFTGGGNKLTF_CSAPPGQATNEKLFF,2
CALDGRGNYGQNFVF_CSASPGGPSGANVLTF,2
CALDGSNDYKLSF_CASSLQGIGREGYTF,2
CALDNMIYNQGGKLIF_CASSQAPGLAGADTQYF,2
CALDRYNAGNNRKLIW;CAVTERNTPLVF_CASSVDPGQGAYEQYF,2
CALDSGNTPLVF_CASISSGANVLTF,2
CALDYGQNFVF_NA,2
CALEDRDDKIIF_NA,2
CALEEGGSYIPTF_CASSVGRSTHTDTQYF,2
CALEGNNRLAF_CASTLSGGVEASF,2
CALENPGANNLFF_NA,2
CALEVEHDYKLSF_CASSQDQTTGVNYGYTF,2
CALEVEHDYKLSF_CASSQDQTTGVNYGYTF;CASTIGIHTEAFF,2
CALFSSGGSYIPTF_CASSLGGSGARNNEQFF,2
CALFYNQGGKLIF_CASSQVGLGGAGTQYF,2
CALGAGSYQLTF_CATGDLYNSPLHF,2
CALGEYKLSF_CASSLVVSRSGAFF,2
CALGGFGNVLHC_CASSLAAGDQPQHF,2
CALGGIQGAQKLVF_CASSDNGWGRGVYSSTDTQYF,2
CALGGSYIPTF_CAWSTNYVYNEQFF,2
CALGPNDYKLSF_CASSLQGAGNTIYF,2
CALGRNTGGFKTIF_CAIRDQTSTDTQYF,2
CALGVSGGGADGLTF_CSAPTSFSYEQYF,2
CALHSGGGADGLTF_CAISGASTSSYEQYF,2
CALIDKTSYDKVIF_CASSHGGNQPQHF,2
CALILNNARLMF_CASSESAEGYGYTF,2
CALIMGNNARLMF_CSAADRGSGNTIYF,2
CALIQGAQKLVF_CASRTGTTNTEAFF,2
CALIRRSGYSTLTF_CASSQEGHQAYEQYF,2
CALITPFSGGYNKLIF_CASSHSQGVGEQFF,2
CALKAAGNKLTF_CASSIDLPTGANYGYTF,2
CALKAGNQFYF_CASSLGGMNTEAFF,2
CALKGNNDMRF_CSVAGPSGGNAREQYF,2
CALKPGYSSASKIIF_CASISTRGVYTSDTQYF,2
CALKRRALTF_CASSPNPGTGNNYEQYF,2
CALKVPGSARQLTF_CASSLTSGAGTYNEQFF,2
CALLDSNYQLIW_CASSTTPGQGAAEQYF,2
CALLNTDKLIF_CASSFEAQSKNIQYF,2
CALLPYNAGNMLTF_CASSLGRTNEKLFF,2
CALLSYGGSQGNLIF_CASSPPGTGAHEQYF,2
CALLTFRAWSEKLVF;CAVRAAGNKLTF_CASSRSDYHGYTF,2
CALLTGGGNKLTF_CSVEVRLISLAKLDTEAFF;CASSYSGTGVTGELFF,2
CALMDSNYQLIW_CAWSRGGDDTGELFF,2
CALMEGTDKLIF;CAVRPRGNQFYF_CASSLEGDLTEAFF;CASSENRGGINEQFF,2
CALNDTGTASKLTF_CASSETGTEAFF;CASSRRPANQAAINYGYTF,2
CALNPLEYGNKLVF;CAVDRGNEKLTF_CSASSAPVRSPLHF,2
CALNPNQAGTALIF_CASLSLADTQYF,2
CALPFYNTDKLIF_CASSLATSQEAYTEAFF,2
CALPNQAGTALIF_CASSHRGGANTGELFF,2
CALPNQAGTALIF_CASSLGTGQPYEQYF,2
CALPNQAGTALIF_CATSRQGYNEQFF,2
CALPPAGNMLTF_CASSAGADNSPLHF,2
CALPSGNTPLVF;CALSENNFNKFYF_CASSQGKVVQDEAFF,2
CALPYSSASKIIF_CASSRSGLPRNEQFF,2
CALRDGQKLLF_CSATGSGTGGERALSYEQYF,2
CALRENNNDMRF_CASSQGAGVGTEAFF,2
CALRHGGRRALTF_CASSPTGMGGYTF,2
CALRNLGNEKLTF_CASSLGAGSYEQYF,2
CALRNNNNDMRF_CASSIGRGGFPNTEAFF,2
CALRNTGGFKTIF_CASSSDLNQPQHF,2
CALRPQYNFNKFYF_CASSLTIIAGGPSTDTQYF,2
CALRPSMYSGGGADGLTF_CASSYSRVYNEQFF,2
CALRRANSGYALNF_CASSTYSGTVIF,2
CALRRGGFKTIF_CASSSEGGTYNEQFF,2
CALRRSNDYKLSF_CASSFSGTGGYTF,2
CALRSGSARQLTF_CASSLAGRGQETQYF,2
CALRSHAGGTSYGKLTF_CAISRGTGGTDSPLHF,2
CALRTLSSGSARQLTF_CASSISVQETQYF,2
CALRTNSGGSNYKLTF_NA,2
CALRVGRGGADGLTF_CASSQGPGWLDTGELFF,2
CALSAIQGAQKLVF_CASSWGQTQETQYF,2
CALSDARDQGGSEKLVF_CASSYYGGPYEQYF,2
CALSDGQGAQKLVF_CASSQGGIKRNEQFF,2
CALSDHGDYKLSF_CASSYWGGGAGELFF,2
CALSDHGTYKYIF_CASSLAESNYGYTF,2
CALSDLEFTNAGKSTF;CAVMDSNYQLIW_CASRPGHPESEKLFF,2
CALSDLGANSKLTF_CSAREKYEQYF,2
CALSDLPRGSYIPTF_CASSPPGGGPADTQYF,2
CALSDLSEKLTF_CASSSGGSGTENTGELFF,2
CALSDLSGTALIF_CASSSRGLAGHSYNEQFF,2
CALSDLTGNTGKLIF_NA,2
CALSDQGGSEKLVF_CSASWSGGTGELFF;CASSLYGGPQETQYF,2
CALSDRGSQGNLIF_CASRLVGGGTDTQYF,2
CALSDRISGTYKYIF_CASSQETDETAYNSPLHF,2
CALSDRISYAGGTSYGKLTF_CASNSGTHRSGANVLTF,2
CALSDRRKEKLTF_CSATPIRSQGRVETQYF,2
CALSDSVQGAQKLVF_CASSSQRGSQETQYF,2
CALSDTMTTDSWGKLQF_CASSEALEAFF,2
CALSDVTGANSKLTF_CASSSRWGGGGNEQFF,2
CALSDVYGSSNTGKLIF_CASSRLAGGTDTQYF,2
CALSDYGGSQGNLIF_CASSLATHDGTEQFF,2
CALSEAERASYDKVIF_CASSPLGGAGDGYTF,2
CALSEAGSNYQLIW_CASHQGRWSTDTQYF,2
CALSEAGSNYQLIW_NA,2
CALSEALKAAGNKLTF_CASSTQGSNQPQHF,2
CALSEAPGYSTLTF_CASRGRDTLPEQYF,2
CALSEAQTGGGSQGNLIF_CASSQESGGAVETQYF,2
CALSEARETSGSRLTF;CAVSGNTPLVF_CASSRGRGRTDTQYF,2
CALSEARGLTGGGNKLTF_CASSAPRVGGTDTQYF,2
CALSEASGGSNYKLTF_CASSSLQGVNYEQYF,2
CALSEASIYNQGGKLIF_CASSGGGGNSYNEQFF,2
CALSEAVGSGGSNYKLTF_CASSLAPTDTQYF,2
CALSEAYNTDKLIF_CATSEWDREVVIAFF,2
CALSEEETSYDKVIF_CASSEAGTGGPYEQYF,2
CALSEEGGSYIPTF_CASSIGGTGFGYTF,2
CALSEGAAGNKLTF_CASSPGGGRGRTDTQYF,2
CALSEGSDGQKLLF_CASSQESRVDEQFF,2
CALSEGSNYKLTF_CASSPPNEFSPLHF,2
CALSEGYQKVTF_CASSLGHAGETQYF,2
CALSENDYKLSF_CASSQRGTGLAFYNEQFF,2
CALSENNRGSTLGRLYF_CASSTHQGTVRSNIQYF,2
CALSENYGQNFVF_CASSPLAVNTEAFF,2
CALSEPDTGRRALTF_CASRDDRGNSPLHF,2
CALSERDTGGFKTIF_CASSYKDSSNEKLFF,2
CALSERTTDSWGKFQF_CATVVDTEAFF,2
CALSEVNNARLMF_CASSPMRGGTDTQYF,2
CALSEYAGNTPLVF_CASSEPDYEQYF,2
CALSGAGGTSYGKLTF_CASSEQGLDTEAFF,2
CALSGGGADGLTF_CASSLEGWWNEQFF,2
CALSGKETSGSRLTF_CASSSGRGYEQYF,2
CALSGLANFGNEKLTF;CAFMNFGRGSTLGRLYF_CASTPGVQETQYF;CASSQGTVEHTEAFF,2
CALSGLLPGGTSYGKLTF_NA,2
CALSGNTGKLIF_CASSRETGTGAYEQYV,2
CALSGNYGGSQGNLIF_CASSSPPDLVYGYTF,2
CALSGPFSGGYNKLIF_CSAPFGTGVTYSNQPQHF,2
CALSGRGSARQLTF_CASTESTSNYGYTF,2
CALSGRNDYKLSF_CASSLLGRPSTDTQYF,2
CALSGSSGNTPLVF_CASSLEGVGAEAFF,2
CALSGTGNTPLVF_CASSLGQTLYGYTF,2
CALSGTISGNTPLVF_CATSASVGGYYNEQFF,2
CALSGYSGGGADGLTF_CASSLNGQGYQPQHF,2
CALSNDYKLSF_NA,2
CALSNFNKFYF_CASSEEATPSYGYTF,2
CALSPLGGYNKLIF_CASVTPGPGGTEAFF,2
CALSPNTGNQFYF_CASSWLSGTGNTIYF,2
CALSPRGNFNKFYF_CASSQTRTDGYTF,2
CALSPSNFGNEKLTF_CASSWDRVLNSPLHF,2
CALSPSNTNAGKSTF_CSASLGDTGANVLTF;CASSLMGVQPQHF,2
CALSQDNAGNMLTF_CASTLGGGPRGTEAFF,2
CALSRRNDYKLSF_CASSLLGDTEAFF,2
CALSRRNDYKLSF_NA,2
CALSSGAGTALIF_CAWSGQGVGEKLFF,2
CALSSGGSNYKLTF;CAVNTNAGKSTF_CASSVGPAGDNEQFF,2
CALSSGSNFGNEKLTF_CASSFGYNEQFF,2
CALSSNRDDKIIF_CAISESKWTGRESPLHF,2
CALSSNYGQNFVF_CSVYGNYGYTF,2
CALSSQGAQKLVF;CALSEAREQGAQKLVF_CASIDPNTEAFF,2
CALSTGGATNKLIF_CSVVKGLVNIQYF,2
CALSYSGNTPLVF_CASSSQGLMNTEAFF,2
CALTDTGNQFYF_CASSQDWAGAFGYTF,2
CALTGANSKLTF_CSARNLAKNIQYF;CASSPPSEGETQYF,2
CALTGGSGNTGKLIF_CASSKTGGGYSGANVLTF,2
CALTGGTSYGKLTF_CASSPEGASNQPQHF,2
CALTHSSASKIIF_CASSLEEEVSGELFF,2
CALTKEPHAGNMLTF_CASSQDWAGQPNTEAFF,2
CALTNAGGTSYGKLTF_NA,2
CALTPNRDDKIIF_CAWQAFDRPSSGNTIYF,2
CALTPTGTASKLTF_CASSFTSGLTGELFF,2
CALTSNDNFNKFYF_CASSEGFKDKGETQYF,2
CALTSSNTGKLIF_CASSKGGTGGTNTEAFF,2
CALTTDSWGKLQF_CASSEPAVSYEQYF,2
CALVDGQKLLF_CASSITGTGDPYGYTF,2
CALVHQGGKLIF_CASSLRGGQVNSPLHF,2
CALYLGDTDKLIF_CASSLGLVNEQFF,2
CALYNTNAGKSTF_CASTTREGGNTKDTQYF,2
CALYSSASKIIF_CASSSTGGDNSPLHF,2
CALYTGGFKTIF_CASSLIFGTGGSYNEQFF,2
CAMIFTGNQFYF_CASSLVGGNTIYF,2
CAMIGGATNKLIF_CASSHGQGRTPLHF,2
CAMKETSGSRLTF_CSARRGSETQYF,2
CAMKETSYDKVIF_CASSVYYYRTGGNEQFF,2
CAMKGGGYQKVTF_CASSWGRYNEQFF,2
CAMKGLGGGFKTIF_CSAPPGLAGGWGTDTQYF,2
CAMKTSGTYKYIF;CATYNTDKLIF_CASSAGGGNYGYTF,2
CAMKVASWGAQKLVF_CASSQDMGKRPPLHF,2
CAMLIVGRDDKIIF_CASSLGSEAFF,2
CAMLTLPALQGVIYNQGGKLIF;CAASWAQGAQKLVF_CASSEQGANYGYTF,2
CAMMPGAQKLVF_CSARDPLAGTDTQYF,2
CAMRAANYGGSQGNLIF_CASSPPWLTNTEAFF,2
CAMRALSGSARQLTF_CASSYSTARGSNQPQHF,2
CAMRDGIQGAQKLVF;CAAGPYGGATNKLIF_CASSLTRDTEAFF;CASSPGTPPFYF,2
CAMREAGGGSYIPTF_CASSPHGQVGYGYTF,2
CAMREATSGTYKYIF_CASSLAGYNEQFF,2
CAMREDMEYGNKLVF;CALSGSAGANSKLTF_CASSLSGGMNTEAFF,2
CAMREDRYNQGGKLIF_CASSLYRGGPPHEKLFF,2
CAMREDYNAGNNRKLIW_CASSQETGGLRGTEAFF,2
CAMREGAYKYIF_CSAIPTGFLDSPLHF,2
CAMREGGGRLAF_CASSFSGNSRSYEQYF,2
CAMREGGTNFGNEKLTF_CASSMFGTGDSPLHF,2
CAMREGISGGYNKLIF_CSARSGVSGANVLTF,2
CAMREGNTGNQFYF;CAVPFSGGYNKLIF_CASSQEVSGVPSTDTQYF;CASSQSETEAFF,2
CAMREGPQTGANNLFF;CAVMGGKLIF_CASSQSPLATNEKLFF,2
CAMREGREAAGNKLTF;CAVRDRTKAAGNKLTF_CASSYSSLVDTQYF,2
CAMREGSGITGGGNKLTF_CASKDPDNPTDTQYF,2
CAMREGSGTGGGADGLTF;CAVIDNQAGTALIF_CASNIAGISYNEQFF;CASGPGGQPQHF,2
CAMREGSNDMRF_CASSLGGGQNYEQYF,2
CAMREGSTGNQFYF_CASSYSNPGELFF,2
CAMREGTAGGGNKLTF_CASSDYDTQYF,2
CAMREGTGGGNKLTF_CASSDSNSGELFF,2
CAMREGWNRDDKIIF_CSARGGQAPALFF,2
CAMREGYATNKLIF_CASSLVSSGGQETQYF,2
CAMREGYGQNFVF_CASSLKASGRLSYNEQFF,2
CAMREGYGSSNTGKLIF_CSAYTMAGEGTDTQYF,2
CAMREKGPGGYNKLIF_CASGPWDGYTGELFF,2
CAMREPLGNNDMRF_CASSLVNEQFF,2
CAMREPPRAGNNRKLIW_CSASESGVRGQPQHF,2
CAMRERSYNQGGKLIF_CASSLDKYEQYF,2
CAMRETRSNDYKLSF;CALSVKGNNRLAF_CSATTGQGITEAFF,2
CAMREVGDGLTF_CASNAGTGRYEQYF,2
CAMREVYNFNKFYF_CASSLKARELNTEAFF,2
CAMREWEYGNKLVF_CASSVVSGRENTGELFF,2
CAMRFREGTSYGKLTF_CASSTTPLSRTSGYTF,2
CAMRGAGANSKLTF_NA,2
CAMRGGNNARLMF_CASSLVRANTGELFF,2
CAMRGNTGGFKTIF_CASSQGAYKNIQYF,2
CAMRGPGTGNQFYF_CASSGSGLILAGLRTGELFF;CASSEGGQNYGYTF,2
CAMRGPNTGTASKLTF_CSAQSTSGSTDTQYF,2
CAMRGQGAQKLVF_CASNPQGNTEAFF,2
CAMRGRWSSNTGKLIF_CASSSGLNNEQFF,2
CAMRGVNQGAQKLVF_CSARALDSAQYMNTEAFF,2
CAMRGVNTGGFKTIF_CASSLEADRGRGYTF,2
CAMRLPNQAGTALIF_CASSLPPQGAVHGYTF,2
CAMRNPGNQFYF_CASGLGNSNEQFF,2
CAMRNPMDTGRRALTF_CASSPSGTQYEKLFF,2
CAMRNTGNQFYF_CSARDPGGNQPQHF,2
CAMRPSGYSTLTF_CASSLAQVQSNNSPLHF,2
CAMRSGSRLTF_CASSSTGYSGEAFF;CASSFVLTQETQYF,2
CAMRVGAGSYQLTF_CASSFHGVKDTQYF,2
CAMRVMAPSSGGYNKLIF;CALPSTRGGNKLTF_CAISESKTSGGYTDTQYF,2
CAMRYGGSQGNLIF_CASSVAGAGDTQYF,2
CAMRYNFGNEKLTF_CASSLRQGSANTEAFF,2
CAMRYYTSGTYKYIF_CASSYPDIQLHF,2
CAMSAGGGYQKVTF_CAWSRTGVYEQYF,2
CAMSAPSGTYKYIF;CALSDTDSGYALNF_CASSEEESKNIQYF,2
CAMSAPSGTYKYIF_CASSEEESKNIQYF,2
CAMSATGGANSKLTF_CASSAGQGMGEQYF,2
CAMSAYGNTGKLIF_CAISEVGGANQPQHF,2
CAMSDRGYQLIW_CASSIVSMNTEAFF,2
CAMSDTGGGADGLTF_CSARDRVSYNEQFF,2
CAMSEAPSGGYQKVTF_CSAATTSGVADTQYF;CASSVGTDYGYTF,2
CAMSEGSNYQLIW_CASSLGTGVRETQYF,2
CAMSEYNFNKFYF;CAVTLRFNTNAGKSTF_CSAREGMGEQYF,2
CAMSFNARLMF_NA,2
CAMSGAAGNKLTF_CSARGAGYEKLFF,2
CAMSGAYNFNKFYF_CASSPTSGGSTGELFF,2
CAMSGEKADKLIF_CASSLGHLNTGELFF,2
CAMSGGGGFKTIF_CASSARDEQFF,2
CAMSHDNKLVF_CASSWDGAKGYEQYF,2
CAMSLDDMRF;CAVKGFGNEKLTF_CASGTSPTYEQYF,2
CAMSMDSNYQLIW_CASSPFQGPSQPQHF,2
CAMSNAGGTSYGKLTF;CATDPGSGGSNYKLTF_CASSGGLAGDFETYVVFTDTQYF,2
CAMSRVMNTGFQKLVF;CAMSGYSTLTF_CASSVELSTSGYGDTQYF,2
CAMSSLAGNNRKLIW_CASSQDLGSREQFF,2
CAMSVGDMRF_CASGLQGQAGGYTF,2
CAMTMGDMRF_CASSFQGYEQFF,2
CAMVYGQNFVF_CASVTILRTANTEAFF,2
CAPARLMF_CASSYLPRDQQDKNTEAFF,2
CAPARLMF_NA,2
CAPDTGGFKTIF_CASSDGQGARGYTF,2
CAPGGGADGLTF_CASTKGGYTEAFF,2
CAPGGNQGGKLIF_CSGGAPTNQETQYF,2
CAPGGYNTDKLIF_CASSFGGKSGNTIYF,2
CAPHNYGQNFVF_CASSIEGDRNTEAFF,2
CAPHTGRRALTF_CASSLLRGIREKLFF;CASSPRTPADTGELFF,2
CAPKEASQGNLIF_CASSLRIAGGQADTQYF,2
CAPLDSNYQLIW_CASARDGSSGANVLTF,2
CAPLDSNYQLIW_NA,2
CAPLGAAGNKLTF_CASRSGGSYNEQFF,2
CAPLRSYDKVIF_CASSSGGSQTYEQYF,2
CAPMDSNYQLIW_CASSEMQGAIGYGYTF;CARRGTGRIQYF,2
CAPMDSNYQLIW_NA,2
CAPMDTGRRALTF_CASSEGLAGGLNTGELFF,2
CAPPPRGSSNTGKLIF;CAVCNYGQNFVF_CASSPQTSTGELFF,2
CAPRMDSSYKLIF_CASSIGGTGDQPQHF,2
CAPRNNNDMRF;CVVNIRNNNDMRF_CASSPQGRNSPLHF,2
CAPTFDKLIF_CASSLNGRVAGYTF,2
CAPTRQAGTALIF_CASSLSWGRDGYTF,2
CARGDMRF_CASRGGGTDNNEQFF,2
CARGGATNKLIF_CASSYQRVGADTQYF,2
CARGYSGGGADGLTF_CASSAGPGYTF,2
CARKGGGQAGTALIF_CASSISLIGINEQFF,2
CARLSGGYQKVTF_NA,2
CARLYFGNEKLTF;CALSWMDSSYKLIF_CASSLDGYYEQYF,2
CARREYSGAGSYQLTF_CASAKGDFTEAFF,2
CARSVPMIKAAGNKLTF_CASRKGGVTEAFF,2
CARTYHTGTASKLTF_CASSLSTSYEQYF,2
CARYDSNYQLIW_CASSPYSGRGPDTQYF,2
CASDNNARLMF_CASNGDRNSPLHF,2
CASIWGSNYQLIW_CASSLGLLPLHF,2
CASKGNFGNEKLTF_CASSPFTTGGENEQFF,2
CASKVGFQKLVF_CASSLDTDTQYF,2
CASLTSGTYKYIF_CAINSGGATYEQYF,2
CASMDSNYQLIW_CASSSGAQETQYF,2
CASMDSNYQLIW_CAWSTAGEDTGELFF,2
CASPAGNTGKLIF_CASSLRAEKLFF,2
CASPVHASGGSYIPTF;CAVRDGKNARLMF_CASSLQGFAGGGYTF,2
CASRWNMLTF;CALSDLGGTSYGKLTF_CASSWDYQETQYF,2
CASSWGYSTLTF_CASSETPRQGDEQFF,2
CATAARGGATNKLIF_CASSSEREIGADTQYF,2
CATAEANAGKSTF_CASSLGQGKETQYF,2
CATAPGDGNQFYF_CASSEQGIGGYTF,2
CATASFGNVLHC_CASSVTGQGSEQYF,2
CATASGTYKYIF_CSVPGIYNYEQYF;CASSVRDSSPKNIQYF,2
CATASPRNNRLAF_CASSQPPARSSYEQYF,2
CATASVGGGSQGNLIF_CASSPGRTGGVDTQYF,2
CATATDSWGKLQF_CASSQDGREAFF,2
CATATDSWGKLQF_CATSDTGGVGNEQFF,2
CATAWGRALTF_CASSLSDPTGTGYTF,2
CATDAESGTASKLTF_CASSFGGTYNEQFF,2
CATDAGGQKLLF_CASRGGFEETQYF,2
CATDAGGYNKLIF_CAWSVQLGTGVNYGYTF,2
CATDANAGGTSYGKLTF_CASSPQAFNTEAFF,2
CATDAYSSYKLIF_CASRRDGSPMDGYTF,2
CATDAYSSYKLIF_NA,2
CATDGNNARLMF_CASTLNAGNTIYF,2
CATDGVETSGSRLTF_CASGESGNSPLHF,2
CATDGWNTGFQKLVF_CASSEWVGQETQYF,2
CATDHTGGSEKLVF_CASLSPRVEKYTGELFF,2
CATDNQAGTALIF_CAWSVQSGGTDTQYF,2
CATDNTGNQFYF_CSARDHRGGRPDTQYF,2
CATDPNRDDKIIF_CASSLASPLQFTAQHF,2
CATDQNTGFQKLVF_CASSPPRGSGANVLTF,2
CATDSSRNAGGTSYGKLTF_CASSLDRAYSGANVLTF,2
CATDTGGGSNYKLTF_CASSQDRGLATTYNEQFF,2
CATDVDDYKLSF;CVVKGFQKLVF_CASSLGGAGGYNEQFF;CASSALDGTEAFF,2
CATDVMDTGRRALTF;CVVNESGGYQKVTF_CASSPTGGNTEAFF,2
CATEDGFGNEKLTF_CASSWDGVSPSDTQYF,2
CATEVGGGNKLTF;CAVRAAGYGGSQGNLIF_CASRGPGARDTQYF,2
CATGFNTNAGKSTF_CSARVEGVVGDEQFF,2
CATGLPFQGAQKLVF_CASSVVRGTADGYTF,2
CATGPPGSARQLTF_CASSLDGTTRNEQFF,2
CATGQAGTALIF_CASSLDGGGPDTQYF,2
CATGSGYSTLTF;CAGRHGYFYNQGGKLIF_CASSYDRDGYGYTF,2
CATGTNAGKSTF_CASSEGYGSSGNTIYF,2
CATLKSGGSYIPTF;CAASITTGANNLFF_CASSDGAPNEKLFF,2
CATLPFPQGGSEKLVF;CAVPLNTDKLIF_CATSRDRDGNQPQHF,2
CATMDSNYQLIW_CASSLAGEVNEQFF,2
CATNDSGNTGKLIF;CAFMKLNAGNNRKLIW_CSAPSGVSYNEQFF,2
CATPPFQGAQKLVF_CSALRQPNQPQHF,2
CATPRTGTSYGKLTF_CASSYRYREGEKLFF,2
CATQERDGQKLLF_CASSYRAVGTEAFF,2
CATRGGFKTIF_CSARLRDTYEQYF,2
CATSDGQKLLF_CASSLESGSWGYNEQFF,2
CATVAGGGNKLTF_CASSRLAGSNEQFF,2
CATVDGSGNTGKLIF_CSATLGGFSTDTQYF,2
CATVGDGGTSYGKLTF_CRTKRGAEAFF,2
CATVGNSGYSTLTF;CALIFSGNTGKLIF_CASRPSGAVNTEAFF;CASSPQGGSDGYTF,2
CATVLLYNFNKFYF_CASSEAYGDYQPQHF,2
CATVNYNTGTASKLTF_CATSRGQHTGELFF,2
CAVAAGGFKTIF_CASNRLAGPQETQYF,2
CAVAANFGNEKLTF_CATSDFQNTGELFF,2
CAVAASTGGGNKLTF_CASSIFGGKNTGELFF,2
CAVADSNYQLIW_CSARDFKGGEYNEQFF,2
CAVAGMDTGRRALTF_CASSGDDRENSPLHF,2
CAVAIYNQGGKLIF_CASSSKIPTGANVLTF,2
CAVAPNTGNQFYF_CASSSSPRGFYGIQYF,2
CAVAVYGGATNKLIF_CASSPQTGGSGNTIYF,2
CAVDAGGTSYGKLTF;CAVIQGAQKLVF_CASSPGQRQETQYF,2
CAVDDYKLSF_CASSPNTGEGMNTEAFF,2
CAVDGGDDKIIF_CASSPDTNTEAFF,2
CAVDGGGSNYKLTF_CASAIGTGGLEQYF,2
CAVDGNNRLAF_CASSSRDTSTDTQYF,2
CAVDIKGGSEKLVF;CATGDSSYKLIF_CASSFSGPPGDTQYF;CASSRDRGYSTEAFF,2
CAVDITGTALIF_CASSLAGVAYEQYF,2
CAVDMVETSGSRLTF_CASSRGQNTEAFF,2
CAVDNAGNMLTF_CATRDPVNYGYTF,2
CAVDNNARLMF_CATKGTGELFF,2
CAVDNYGQNFVF_CASSLSGQSSATNEKLFF;CAISSGSQGDVRNSPLHF,2
CAVDQTGANNLFF_CASSLDGNTEAFF,2
CAVDRLNDMRF_CASSQVLGQEISGANVLTF,2
CAVDSGPPGTYKYIF_CASSIPGHSKETQYF,2
CAVDSSGSARQLTF;CAVQSGNQFYF_CSARGDRGSGYEQYF,2
CAVDTDKLIF_CATSRIIDRGVQPQHF,2
CAVDTNAGKSTF_CASSQDRRGVDEQYF,2
CAVDVYNNDMRF_CASSPLERYNEQFF;CASSLIREGVEAFF,2
CAVDWPNDYKLSF;CVVNSRVGGSYIPTF_CASTPGHEQYF,2
CAVDYAGGTSYGKLTF_CASSQGLTLAKNIQYF,2
CAVEAYSGGGADGLTF_CSAPEPGGSPLHF,2
CAVEDDYKLSF_CASSSQRVRQETQYF,2
CAVEDPRTGGSYIPTF_CASSEAVAGTQPQHF,2
CAVEDPYGGSQGNLIF_CASSSGLAKNIQYF,2
CAVEDSSASKIIF_CASSGRSFNEQFF,2
CAVEDTDKLIF_CASHGGPIGAVDEQFF,2
CAVEDTNAGKSTF_CASSPGLAGLNTGELFF,2
CAVEDYNQGGKLIF;CGADLRGAGSYQLTF_CASSQEVVHNEQFF,2
CAVEEIQGAQKLVF_NA,2
CAVEERGSWGKLQF_CASSGSNEKLFF,2
CAVEERNAGNMLTF;CVVGRGYNKLIF_CASSEDLTSYNEQFF;CASSERGSEAFF,2
CAVEERNTDKLIF_CASSQGRTNTGELFF,2
CAVEESAGGTSYGKLTF_CASSSHRGATYEQYF,2
CAVEESDDKIIF_CASSQERGEGGATEFF,2
CAVEFYPGRGGSEKLVF_CSARDVLGTSNEKLFF,2
CAVEGSGGSNYKLTF_CASRRYTEAFF,2
CAVEKASNYQLIW_CASSIGRTNTGELFF,2
CAVELTGGGNKLTF_CASSEYEQFF,2
CAVEMETSGSRLTF_CASSLTPMNTEAFF,2
CAVENSGYSTLTF_CASRLGTGELFF,2
CAVENYGGSQGNLIF_CASSLTGQSQPQHF,2
CAVEPNAGNNRKLIW_CASSPTVESYNEQFF,2
CAVERESGGGADGLTF_CASTRGYGYTF,2
CAVERGAGGTSYGKLTF_CSVEEGDRGYEQYF,2
CAVERGNNRLAF_CASSLIGYEQYF,2
CAVERKGTDKLIF;CAVPNNAGNMLTF_CASSGSTDTGSYSYEQYF,2
CAVERPNFGNEKLTF_CASRWGLAGDNEQFF,2
CAVESYGGSQGNLIF_CATSDPGVWQPQHF,2
CAVEVIGNQFYF_CASSKLAGGNTGELFF,2
CAVEYGGNNRKLIW_CASSYSWAGGHSRSYEQYF,2
CAVFDSNYQLIW_CATAPTRDTGELFF;CASSRVLDRGFYEQYV,2
CAVFNDMRF_CAIKGFYFETQYF;CASSYMGGGWEKLFF,2
CAVGAGGGSQGNLIF_CASSPGRGSFEKLFF,2
CAVGAGGGSQGNLIF_CATQPGSGANVLTF,2
CAVGAGKLIF_CASRGTSGGVNTGELFF,2
CAVGALSNTGKLIF_CASSLDGGASTGELFF,2
CAVGALTGGGNKLTF_CAWWSNRARSPLHF,2
CAVGAPDNFNKFYF_CAWSHGGHYEQYF,2
CAVGAQRGGGNKLTF_CASSLPSTDTQYF,2
CAVGASDYKLSF_CASSLSPSLDTQYF,2
CAVGAVTGGGNKLTF_CASRRTGGDLETQYF,2
CAVGAYFSGGGADGLTF_CASSYLPRDQQDKNTEAFF,2
CAVGDDNYGQNFVF;CAYRSESGGSNYKLTF_CASSFQAGDSYEQYF,2
CAVGDPNNDMRF_CASSLRAGRQFF,2
CAVGDYKLSF_CASSLFGTGTGNTIYF,2
CAVGEIQGAQKLVF_CSAGQGQGSVWPQHF;CASSYDWTSGDQTFTDTQYF,2
CAVGELTGGGNKLTF_CSVVRGAGGELFF,2
CAVGFGNVLHC_CASSGRLINEQFF,2
CAVGGDAGGTSYGKLTF_CASSLGRGFNYGYTF,2
CAVGGDSWGKLQF_CASSVGATNYEQYF,2
CAVGGFGGYGQNFVF_CASSLGTDSGNTIYF,2
CAVGGNNRLAF;CAVSRNNNARLMF_CATSGFRDGPYEQYF,2
CAVGGSQGNLIF_CASSSTRGPLNEQFF,2
CAVGGTSYGKLTF_CASSMTGTTGELFF,2
CAVGGTSYGKLTF_CASSQSSQSPLHF,2
CAVGHGAGSYQLTF_CASSQGTSLLGEQYF,2
CAVGHGRALTF_CASSSPGANYGYTF,2
CAVGHSSASKIIF_CASSPGQSPTQPQHF,2
CAVGIGFGNVLHC_CASSVVFNTEAFF,2
CAVGLRSQGNLIF_CASGLGIGTGWRDNSPLHF,2
CAVGNFGNEKLTF_CASRDDGGEQYF,2
CAVGNNNDMRF_CASSQDRGYTEAFF,2
CAVGNQFYF_CASSPLELAGAKNIQYF,2
CAVGPGWVAGKSTF_CASSPPRGMGDDNEQFF,2
CAVGPNSGNTPLVF_CASSISGNQPQHF,2
CAVGPSGGSYIPTF_CASRQLDTQYF,2
CAVGPSGTYKYIF_CASARGGTEAFF,2
CAVGPWGFGNEKLTF_CASSHRDKQETQYF,2
CAVGQFSGGYNKLIF_CASSIGLANEQFF,2
CAVGRADGLTF_CAWSLRLGNNEKLFF,2
CAVGREAAGNKLTF_CATSATGIYTGELFF,2
CAVGRFYNQGGKLIF_CASSFWRRGRETQYF,2
CAVGRLDMRF_CASSPPIPSGIYNEQFF,2
CAVGRRSTDKLIF_CASSREGLETSAGELFF,2
CAVGRTYKYIF_CASTTGEGTDTQYF,2
CAVGRYYGGSQGNLIF_CASTLTSESYNEQFF,2
CAVGTGGYQKVTF_CASSYSTGGDGYTF,2
CAVGTGNQFYF_CASSEILSAGSHGYTF,2
CAVGVMEYGNKLVF_CASSFGPPGTEAFF,2
CAVHGGYQKVTF_CASSNGGVNTGELFF,2
CAVHRGSTLGRLYF_CATSDTDVSSYNEQFF,2
CAVHRNVLHC_NA,2
CAVIASGGSYIPTF;CVVNLEGGSYIPTF_CASSLEGWGNTEAFF,2
CAVIASGGSYIPTF_CATWTGDSNQPQHF,2
CAVIASGTYKYIF_CASSLKDNSPLHF,2
CAVIDNQAGTALIF_CASNIAGISYNEQFF,2
CAVIDNQAGTALIF_CSALMSAIPNTIYF;CASNIAGISYNEQFF,2
CAVIDSNYQLIW_NA,2
CAVIDSSYKLIF_CASSQEQGSGANVLTF,2
CAVIHARLMF_CASSLEVTGANVLTF,2
CAVINDYKLSF_CSASPGVGDTEAFF,2
CAVIPSGGYQKVTF_CASSGAGAYEQYF,2
CAVIRAGGTSYGKLTF_CASRDSQNHGYTF,2
CAVIRETSGSRLTF_CASSLSGPGVAFF;CASSLTGRGAFF,2
CAVIRGAGGTSYGKLTF_CSASFGGYIQYF,2
CAVISGLSF_CASSLSPSDTQYF,2
CAVISRGDDKIIF_CASRGRGSSYEQYF,2
CAVKAGGYQKVTF_CSARGGTGELFF,2
CAVKDSNYQLIW_CASSDGTGGADTQYF,2
CAVKDSNYQLIW_CASSENPGQGPGELFF,2
CAVKDSNYQLIW_CASSFRGDVSPLHF,2
CAVKDSNYQLIW_CASSGEGVSEKLFF,2
CAVKDSNYQLIW_CASSQDLPGGAWNEQFF;CASRILAGDTGELFF,2
CAVKDSNYQLIW_CASSVETTVNEQFF,2
CAVKDSNYQLIW_CSAPRTEFKGNQPQHF,2
CAVKERTDTGFQKLVF_CASSLRVQRVTDTQYF,2
CAVKGFRGDNFNKFYF_CSVRVLGNEQFF;CASSSLGQNNSPLHF,2
CAVKGGSGGSYIPTF_CASSDKGSDEQFF,2
CAVKGPNNDMRF_CASSPHGPNEAFF,2
CAVKIFRDDKIIF_CASSNGTGVLYEQYF,2
CAVKLDSGGSNYKLTF_CASSLELDYYEQYF,2
CAVKMRGDMRF_CASSTIQFNGYTF,2
CAVKNDYKLSF_CASSPTGGSETQYF,2
CAVKPSGGYNKLIF_CASSLGYPGGGLPQHF;CASSRQGSPGNEQFF,2
CAVKRTWGGSEKLVF_CASSQDVRSNQPQHF,2
CAVKRVSGTYKYIF;CVVNLKSGGGADGLTF_CASSPGQSGNTIYF,2
CAVKTSYDKVIF;CAFMKQGNQFYF_CASSYSGSGYTF,2
CAVLDSNYQLIW;CAVADSWGKFQF_CAWIMGTGELFF,2
CAVLDSNYQLIW_CASNPAGGSYNEQFF;CASSQVTESSSGANVLTF,2
CAVLDSNYQLIW_CASSEGGRDTGELFF,2
CAVLDSNYQLIW_CASSETRQGSDTQYF,2
CAVLDSNYQLIW_CASSQDDRGGYYEQYF,2
CAVLDSNYQLIW_CASSQGQGEVYEQYF,2
CAVLDSNYQLIW_CASSQRLENSYNEQFF,2
CAVLDSNYQLIW_CASTDREDTEAFF,2
CAVLDSNYQLIW_CATSQGEAYNEQFF,2
CAVLDSNYQLIW_CATSRSSGDSTGELFF,2
CAVLDSNYQLIW_CATSRTSGGTDTQYF,2
CAVLDSNYQLIW_CSARALRDTEQFF,2
CAVLDSNYQLIW_CSARNSEPYEQYF,2
CAVLDSNYQLIW_CSASLRSGGAYEQYF,2
CAVLDSSYKLIF_CASSSRDTGDVAPLHF,2
CAVLGTDKLIF_NA,2
CAVLIQGAQKLVF_CASRGGDTVEQYF,2
CAVLMDTGRRALTF;CAVLDSNYQLIW_CASSDSKQGQTGELFF,2
CAVLQAGTALIF_CASSRPGGGNYGYTF,2
CAVLQGAQKLVF_CASSPPRGGPYEQYF,2
CAVLRSNFGNEKLTF_CASSERQVLWSPLHF,2
CAVLSDSKLTF_CASILISRGDGRTQYF,2
CAVLSGGSYIPTF_CASSQGTVEHTEAFF,2
CAVLSMEYGNKLVF_CASSNFAGAFF,2
CAVLSPDKLIF_NA,2
CAVLSSYKLIF_CASTLGGWANVLTF,2
CAVLYGNNRLAF_NA,2
CAVLYSGGYQKVTF_CASSQAAESSYEQYF,2
CAVMDSNYQLIW;CVVSDGSSNTGKLIF_CASSDSGTDTQYF,2
CAVMDSNYQLIW_CASRTPGNEQFF,2
CAVMDSNYQLIW_CASSAGLAGSYEQYF,2
CAVMDSNYQLIW_CASSARENQPQHF,2
CAVMDSNYQLIW_CASSASGGTDTQYF,2
CAVMDSNYQLIW_CASSDSETNLNEQFF,2
CAVMDSNYQLIW_CASSDSTSGTDTQYF,2
CAVMDSNYQLIW_CASSDTSGSYNEQFF,2
CAVMDSNYQLIW_CASSEEVSGANVLTF,2
CAVMDSNYQLIW_CASSEGQGAEIQYF,2
CAVMDSNYQLIW_CASSERDTGEQYF,2
CAVMDSNYQLIW_CASSETGQTDTQYF,2
CAVMDSNYQLIW_CASSFGGGHTDTQYF,2
CAVMDSNYQLIW_CASSGTGDTGELFF,2
CAVMDSNYQLIW_CASSGTGGGYNEQFF,2
CAVMDSNYQLIW_CASSQDASGPYNEQFF,2
CAVMDSNYQLIW_CASSQGTGHTDTQYF,2
CAVMDSNYQLIW_CASSSGGSSGANVLTF,2
CAVMDSNYQLIW_CASSYSAGNGGNEQFF,2
CAVMDSNYQLIW_CAWSGDREYSPLHF,2
CAVMDSNYQLIW_CAWSGVKGANTGELFF,2
CAVMDSNYQLIW_CSARDHRETGELFF,2
CAVMDSNYQLIW_CSARGLAGGPEISEQYF,2
CAVMDSNYQLIW_CSARGPGQEETQYF,2
CAVMDSSYKLIF_CASNIREETQYF,2
CAVMDSSYKLIF_CASSDGGATDTQYF,2
CAVMDSSYKLIF_CASSDSSSGGGTDTQYF,2
CAVMDSSYKLIF_CASSELAGGPDTQYF,2
CAVMDSSYKLIF_CASSPGQGHTDTQYF,2
CAVMDSSYKLIF_CASSYSTSGGNEQFF,2
CAVMEYGNKLVF_CASSFFRPQGGDTQYF,2
CAVMGDAGNMLTF_CASSLGRETQYF,2
CAVMGILTGGGNKLTF;CALSGTISGNTPLVF_CATSASVGGYYNEQFF,2
CAVMPNAGNMLTF_NA,2
CAVNAGGF_CASSYLGLDRGVGRYGYTF,2
CAVNAGNARLMF_CASSRYLASEAFF,2
CAVNAGSQGNLIF_CASSFGRAGKNIQYF,2
CAVNAPGRRALTF_CASSSGQGTQETQYF,2
CAVNGRDYQLIW_CASSPSTRGPYNEQFF,2
CAVNHYSGGGADGLTF;CATAANNLFF_CATSTSGRATSSYNEQFF,2
CAVNINAGGTSYGKLTF_NA,2
CAVNKDQAGTALIF_CASSPSTDTQYF,2
CAVNKGFGNVLHC_CSASGGTTNEKLFF,2
CAVNKRGHGGSQGNLIF_CASSLPGVTAWGGYTF,2
CAVNLNRDDKIIF_CASSWPGQGNTEAFF,2
CAVNLSGGSYIPTF_CASSLGYRAPEKLFF,2
CAVNMNSGGYQKVTF_CASRRRGDTGELFF,2
CAVNNAGNMLTF_CASSLAMEQFF,2
CAVNNAGNMLTF_CASSMISSTEAFF,2
CAVNNNNDMRF_CASSLQRESLYEQYF,2
CAVNPSG;CAVPPYGQNFVF_CASSSEVAGSPLHF,2
CAVNPSGTYKYIF_CASSFSRTNEQYF,2
CAVNRGDGQKLLF_CASSYRPGTISSTDTQYF,2
CAVNRHRDDKIIF_CASSYSKGGNTEAFF,2
CAVNRNTNAGKSTF_CASSVGNTIYF;CASISGGTEAFF,2
CAVNSGNTPLVF_CASRPTSGNTGELFF,2
CAVNSNSGYALNF_CASSLRGGKAEAFF,2
CAVNTLYNTDKLIF_CASRSTTGLYGYTF,2
CAVNTLYNTDKLIF_CASRSTTGLYGYTF;CAISPGGSGYGYTF,2
CAVNTNAGKSTF_CASSDSQGHTDTQYF,2
CAVNTYLKAAGNKLTF_CASSAETGATGELFF,2
CAVPGAAGNKLTF_CASSETLAEEGPVSTNEKLFF,2
CAVPGGGADGLTF;CADSGSARQLTF_CSASLRYGGDTQYF,2
CAVPGGSYIPTF;CVVQPRSARQLTF_CASKISGGGGGEQFF;CASKAPGTGDTGELFF,2
CAVPISGSRLTF_CASSLVWGGRDTDTQYF,2
CAVPKVYKLSF_CASSGASEGTYNEQFF;CASSLWADTGELFF,2
CAVPLDTGRRALTF_CASSHTPGELFF,2
CAVPNTGNQFYF_CASKRTTWGEKLFF,2
CAVPNYGGSQGNLIF_CASSEAPVGNTEAFF,2
CAVPPDSNYQLIW_CASSRTANTGELFF;CASSDRDTLIVGEAFF,2
CAVPPGFQKLVF;CAVASGGSYIPTF_CASSYKLSGVAGELFF,2
CAVPPRGSTLGRLYF_CASSYGGGEETQYF,2
CAVPRVGGSQGNLIF_CASSFLSRSRIQFF,2
CAVPSETSGSRLTF_NA,2
CAVPSGGYQKVTF_CATSDGSGETQYF,2
CAVPSRETSGSRLTF_CASSIRQGILFIQPQHF,2
CAVPSTGGFKTIF_CASSLGSGSSYNEQFF,2
CAVPTSGTYKYIF_CASSAGTENTEAFF,2
CAVPYGGATNKLIF_CASSAKGVGQGSYEQYF,2
CAVQAAGGSQGNLIF_CASRTSSGGSDTQYF;CASSGLTDTQYF,2
CAVQAEETSGSRLTF_CSAMKHEQFF,2
CAVQAGGMANFGNEKLTF_CASSQVTSLGETQYF,2
CAVQAKPGADKLIF_CASSIGRGPYEQYF,2
CAVQAMGFNKFYF_CAISDPSGGKETQYF,2
CAVQANQAGTALIF_CASSVDPGPREGYTF,2
CAVQAYRDTGFQKLVF_CASSQGNQGGETQYF,2
CAVQDSNYQLIW_CATSRETAERVNTGELFF,2
CAVQDSNYQLIW_NA,2
CAVQESNYQLIW_CASRPTGTGFNGYTF,2
CAVQGAQKLVF_CASSSRGGWWDGEKLFF,2
CAVQGSGGSNYKLTF_CASSQFSAAGELFF,2
CAVQHRDDKIIF_CASSLVIGNEQFF,2
CAVQLSDGQKLLF_CASSVAGNRGNTIYF,2
CAVQNKLVF;CAYQKGEYGNKLVF_CASSEGAFNYGYTF,2
CAVQNSGGSNYKLTF_CASSPGRGYEQYF,2
CAVQNSGGSNYKLTF_CASSYYNEQFF,2
CAVQNTGTASKLTF_CASSFYSGQGISPLHF,2
CAVQPTDSWGKLQF_CASSPTPDGRIHF;CASSSRGGYGYTF,2
CAVQPTGTASKLTF_CAISDPSGGGETQYF,2
CAVQTFSGGYNKLIF_CASSLDSGSEQYF,2
CAVQTGQGGSEKLVF_CASSQERGAQVGAVGSEQFF;CASSDRDTLIVGEAFF,2
CAVQVEGSYIPTF_CASGRTRGLNEQFF,2
CAVQVTGGSYIPTF_CAWIPGTHGNTIYF,2
CAVQVTGTASKLTF_CASSSPTGGQETQYF,2
CAVRAANAGNNRKLIW_CASSESTGINEQFF,2
CAVRAANSGYALNF_CASSLHGGGFNEQFF,2
CAVRAFGQNFVF_CAWSPGLVSYEQYF,2
CAVRAQTGANNLFF_NA,2
CAVRDANNAGNMLTF_CASSRTGGNSPLHF,2
CAVRDDKIIF_CASSEAYEQYF,2
CAVRDDKIIF_NA,2
CAVRDGDDMRF_NA,2
CAVRDGDYKLSF_CASSDSSGGANEQFF,2
CAVRDGDYKLSF_CASSESPDTYNEQFF,2
CAVRDGDYKLSF_CASSGLAGGNEQFF,2
CAVRDGGNLIF_CASSPTGAQHF,2
CAVRDGGYALNF_CASSLESGSSYEQYF,2
CAVRDGKGRRALTF_CASSLLAGGRTANPYEQYF,2
CAVRDIAGNNRKLIW_CASSESTGVQPQHF,2
CAVRDLPGASGTYKYIF_CASSVAGVYSPLHF;CASSYSAGGNTIYF,2
CAVRDLPGNTGKLIF_CASSLVAGGETQYF,2
CAVRDLTGGFKTIF_CASSLLTGTHEQYF,2
CAVRDNDYKLSF_CASSESSGGADTQYF,2
CAVRDNDYKLSF_CASSPSGGGADTQYF,2
CAVRDNDYKLSF_NA,2
CAVRDNNARLMF_CASSPRDRHYEQYF,2
CAVRDRNNYGQNFVF_NA,2
CAVRDRNRDDKIIF_CASSYPTAGKPSYEQYF,2
CAVRDRNYQLIW_CAISGVDSELSGANVLTF,2
CAVRDSDYKLSF_CSVSRPDSYTEAFF,2
CAVRDSNSGYALNF_CASSEARGGGYTF,2
CAVRDSNYQLIW_CASCLDTSSYEQYF,2
CAVRDSNYQLIW_CASSDGDTGELFF,2
CAVRDSNYQLIW_CASSDSKDGPGELFF,2
CAVRDSNYQLIW_CASSDSSGANVLTF,2
CAVRDSNYQLIW_CASSDSTSGGNEQFF,2
CAVRDSNYQLIW_CASSEGANSPLHF,2
CAVRDSNYQLIW_CASSESVGAGANVLTF,2
CAVRDSNYQLIW_CASSPTSGSPDTQYF,2
CAVRDSNYQLIW_CASSPTSGSTDTQYF,2
CAVRDSNYQLIW_CASSQDPGQGADEQYF,2
CAVRDSNYQLIW_CASSQEASGGPDTQYF,2
CAVRDSNYQLIW_CASSQERGGQETQYF,2
CAVRDSNYQLIW_CASSQGGTESSGANVLTF,2
CAVRDSNYQLIW_CASSSGTGDYNEQFF,2
CAVRDSNYQLIW_CASSYSAEAYEQYF,2
CAVRDSNYQLIW_CASSYSGGGGADTQYF,2
CAVRDSNYQLIW_CATSRDQGSGANVLTF,2
CAVRDSNYQLIW_CSARAGNDYEQYF,2
CAVRDSNYQLIW_CSASTPELETSPLHF,2
CAVRDSTSGTYKYIF_CASSLNRGPLNQPQHF,2
CAVRDTDYQLIW_CASSQTSSGGGTDTQYF,2
CAVRDTSNAGNMLTF_CATSSPSSEGLIGELFF,2
CAVREALLPRTGGFKTIF_CASSQAPGGEQFF,2
CAVREIEKLIF_NA,2
CAVREIQGAQKLVF;CVVSGLRNFNKFYF_CASTNPGVNTGELFF,2
CAVRESVRGNNARLMF_CASSLKRAGANVLTF,2
CAVRFPYNTDKLIF_CATSAGQGGLVDTEAFF,2
CAVRGDRDDKIIF_CASSQDRAGGWSNEQFF,2
CAVRGFFYGGSQGNLIF_CASSLDDRTEAFF,2
CAVRGGDYKLSF_NA,2
CAVRGGGSTLGRLYF_CASSSYRGSNTGELFF,2
CAVRGGYNKLIF_CSVLGDRNTEAFF,2
CAVRGGYSGAGSYQLTF_CASSLGPAGGEQYF,2
CAVRGLSGSARQLTF_CASSLRTDPTDTQYF,2
CAVRGNNQGGKLIF_CASSQGQGGYTEAFF,2
CAVRGSGTYKYIF_CASSLQGEDNEQFF,2
CAVRGSYGNNRLAF_CASSPQNLIGQGDTEAFF,2
CAVRHNAGSARQLTF_CASTRQGSNSPLHF,2
CAVRHSGYALNF;CGAGSARQLTF_CASSQATTSTDTQYF,2
CAVRLDQFYF_CSAIAGGSYGEQFF,2
CAVRLNTGGFKTIF_CASSSVGGTRDNYGYTF,2
CAVRLTQGGSEKLVF_CASSISDRSFQPQHF,2
CAVRNDNNDMRF_CASSLQTSGPQETQYF,2
CAVRNEGNTDKLIF_CASSETGGGSPLHF,2
CAVRNNNDMRF_CASSPQGLGGNTIYF,2
CAVRNSGYALNF_CASSSCARMVRGLCYTF,2
CAVRPDSNYQLIW_CASSHRDINQPQHF,2
CAVRPESGYSTLTF_CASKYGTSAGNEQFF,2
CAVRPGFGNVLHC_CATAGTSSFWQYF,2
CAVRPKDSSYKLIF_CASSPFAGDATNEKLFF,2
CAVRPNSGGYQKVTF_CATSRESRNEQFF,2
CAVRPNTGGFKTIF_CASTLAGGAGELFF,2
CAVRPPDSSYKLIF_NA,2
CAVRPPNTNAGKSTF_CASRYGGNSPLHF,2
CAVRPPNTNAGKSTF_NA,2
CAVRPRGNQFYF;CGAVPHGSGNTGKLIF_CASSLEGDLTEAFF;CASSFQGSTDTQYF,2
CAVRRDAGGTSYGKLTF_CASSLALLAGIYEQYF,2
CAVRRDSSYKLIF_CASSSTRDIFTEAFF,2
CAVRRGSGNTGKLIF_CASSLQGNEQFF,2
CAVRRMDSSYKLIF_CASMGSTEAFF,2
CAVRRSNDYKLSF_CASEGGAILYEQYF,2
CAVRRWVYNQGGKLIF_NA,2
CAVRSGKLSF_CATSGEGGVDEQYF,2
CAVRSLGTGNQFYF_CASSVRGGGGDYGYTF,2
CAVRSPMFSGGYNKLIF_NA,2
CAVRTGGGNKLTF_CASSRTRATTGELFF,2
CAVRTLMDSSYKLIF_CASLSPGQGNQPQHF,2
CAVRVDTGRRALTF_CASSPGTSKEQYV,2
CAVRVNNARLMF_CASSNHIAGGRAGNEQFF,2
CAVRVYTGGGNKLTF_CAWIMRERSVAEAFF,2
CAVRWDSNYQLIW_CAWWTPSNYGYTF,2
CAVRYNRGSTLGRLYF_CASSLQRGSTDTQYF,2
CAVRYSGNEKLTF_CSAGRTDRRGIQYF,2
CAVSANAGNMLTF_CASSLPERERSYNEQFF,2
CAVSASGGSYIPTF_CASSTLDPPYTQYF,2
CAVSDDGNNRLAF_CSARGQGMGSPLHF,2
CAVSDGGVNKFYF_CSARFSAPSGYTF,2
CAVSDLGDGANSKLTF;CAYRSARGNYQLIW_CASSLLIWGAHEQYF;CASSIRVNTGELFF,2
CAVSDQRANNLFF_CASSAQDTDTQYF,2
CAVSDRAGANNLFF_CAISVGGANTEAFF,2
CAVSDRETSGSRLTF_CASSQGTPGSGNTIYF,2
CAVSDRRDSSYKLIF_CASKSSGVSYEQYF,2
CAVSDRSGGSQGNLIF_CASSWAGYEQYF,2
CAVSEGGGADGLTF_CASRETGINSPLHF,2
CAVSEIQGAQKLVF_CASSLPWGGPSEKLFF,2
CAVSEKGYGGATNKLIF_CASSLGQGNVYGYTF;CASSAGQGFNSPLHF,2
CAVSERAGFQKLVF_CASSGGQGKYEQYF,2
CAVSERGNEKLTF_CASSLGGAGRWEQFF,2
CAVSESGGSNYKLTF_CASSSTGGFYEQYF,2
CAVSESGSARQLTF_CASSIPGVSSEQFF,2
CAVSEVYNNNDMRF_CASSEGGAGYGYTF,2
CAVSFNTDKLIF_CSAFLTGVYGYTF,2
CAVSGEFGSGGGADGLTF_CASSLVGRGGSYNEQFF,2
CAVSGGSYIPTF;CAEIKDTGRRALTF_CASSLFLGNTEAFF,2
CAVSGTAGNKLTF_CSASWGSYEQYF,2
CAVSGTGGFKTIF_CASSGQGGSYGYTF,2
CAVSHPDNTDKLIF_CSARTSGRVQFF,2
CAVSHRSARQLTF;CAVRPNSGYSTLTF_CAWSPGTEGMTVHLYGYTF,2
CAVSHTGFQKLVF_CASSQGGTGYPANTEAFF,2
CAVSIIQGAQKLVF_CASSLVPDRGTGFRWTGELFF,2
CAVSLDSNYQLIW;CAVLLGNTDKLIF_CASGSGREAVNEQYF,2
CAVSLGGGKLIF_NA,2
CAVSNNARLMF_CASSPPRWNTEAFF,2
CAVSPDSWGKLQF_CSARVDTNEKLFF,2
CAVSPTGNQFYF_CASSPADYGYTF,2
CAVSQGSGYSTLTF_CSAVPLKGGNQPQHF;CASSPGTATQYF,2
CAVSQPFTGANSKLTF_CASSSAGTGGSDTQYF,2
CAVSRPFSGSARQLTF_CASSLENSPLHF,2
CAVSRSNDYKLSF_CASSPNSTPGVGYF,2
CAVSRYNQGGKLIF_CASSQGAQGGNNEQFF,2
CAVSRYSGGGADGLTF_CASSLRANRVELFF,2
CAVSSFSGGYNKLIF_CASSQDSNFRQETQYF,2
CAVSSGTASKLTF_CASSLGGGPDTQYF,2
CAVSSLYNNNDMRF;CAYRSAVGGGADGLTF_CSALRGGTDTQYF,2
CAVSSRTGRRALTF_CASSYTPDSDYGYTF,2
CAVSSYGKLTF_CASSPLGTNYNEQFF,2
CAVSVEYGNKLVF_CASSAQDSWNGYTF,2
CAVSVPVPGGGNKLTF_CSAKIKRGGPGELFF,2
CAVSYSEGTALIF_CSAGGRGTNTEAFF,2
CAVTAAGNKLTF_CASSQVYPGTNEKLFF,2
CAVTDSNYQLIW_CASSKAGDANEQFF,2
CAVTDSNYQLIW_CASSQGSSGPQETQYF,2
CAVTDSSYKLIF_CATGTSGSGANVLTF,2
CAVTELYNNNDMRF_NA,2
CAVTFGNEKLTF_CSARLQATGDGMYTF,2
CAVTGGQKLLF_CASSSTGTRGFYNEQFF;CASSLARGQPQHF,2
CAVTGNQFYF_CAWSVLVVGGELFF,2
CAVTGNTGNQFYF_CASSLVGGLETQYF,2
CAVTLMDSSYKLIF_CATSDRGQGARETQYF,2
CAVTNSNYQLIW_CAIRIGEEVNVLTF,2
CAVTPGEYGNKLVF_CSARDWRSYNEQFF,2
CAVTPQRDSSYKLIF_CASSATGVGQFF,2
CAVTRGGGGSQGNLIF_CASSPGLAGYSYEQYF,2
CAVTSNTNAGKSTF_CASSLLAGGNKNIQYF,2
CAVTTDEEYGNKLVF_CASSYSKGGNTEAFF,2
CAVTTGGGNKLTF_CSARYRDRPYTEAFF,2
CAVVDSNYQLIW_CASSQDGPGTSGNTIYF,2
CAVVDSNYQLIW_CASSQDLGGANEQFF,2
CAVVDSNYQLIW_CASSQERSTPSYEQYF,2
CAVVDSNYQLIW_CSAPQGSYNEQFF,2
CAVVDSNYQLIW_CSARGDRGDTEAFF,2
CAVVDSNYQLIW_NA,2
CAVVDTDKLIF_CSARDFETSGAYEQYF,2
CAVVEGDYKLSF_CSARDIGSGYNEQFF,2
CAVWDSNYQLIW_CATGSGTGDVGELFF,2
CAVWDSNYQLIW_CATSDRQGGDTGELFF,2
CAVWGSGGYQKVTF_NA,2
CAVWILTGGGNKLTF_CASSWVGQSYEQYF;CASSLTGGANYGYTF,2
CAVWRYTGNQFYF_CASSLGVDSNQPQHF,2
CAVWSSASKIIF_CASSIGPITETDTQYF,2
CAVWVEGGATNKLIF_CASSSFYEQYF,2
CAVYDSGYSTLTF_CASSGGETQYF,2
CAVYGGATNKLIF_CASSSGEAFF,2
CAVYNQGGKLIF_CATRGRGETYNEQFF,2
CAVYNYGQNFVF_CASSPDRARETQYF,2
CAVYSNYQLIW;CAFMITGNQFYF_CASSPWTGKQETQYF,2
CAVYTGGGNKLTF_CSAAALNRGGGNTIYF,2
CAWDTGRRALTF_NA,2
CAYLSGNTPLVF_CASSLGRGSLDTQYF,2
CAYNQFYF_CASSVVGWENTEAFF,2
CAYNRGDSNYQLIW_CASGTLAGARGNEQFF,2
CAYRGDDMRF_CATSRYGQPLNIQYF,2
CAYRGFSGGGADGLTF_CSAPQGYGYTF,2
CAYRGKPTSGTYKYIF_CASSLAVVNTEAFF,2
CAYRGNFGNEKLTF_CASNYETTGELFF,2
CAYRKTQGAQKLVF_CASSQTGATQPQHF,2
CAYRKTSYDKVIF_NA,2
CAYRLEYGNKLVF_CASSSSGTSEQETQYF,2
CAYRLGSGYALNF_CASSLAQGPSYEQYF,2
CAYRNAGNMLTF_NA,2
CAYRNKPGTPLVF_CASSNPGQGARNEQFF,2
CAYRRGDGATNKLIF_CASSESTGISEQYF,2
CAYRRGGTASKLTF_CATLVPYLRNTIYF,2
CAYRRGNEKLTF_NA,2
CAYRRIDQTGANNLFF_CASSLGRANEQFF,2
CAYRRYNNNDMRF_CATSVSAGEEQFF;CASSPTTAGGTEAFF,2
CAYRSADRDDKIIF_CASSDWGGQGSYGYTF,2
CAYRSAFNNARLMF_CASSPLQADSSYNEQFF,2
CAYRSAGDKSTF_CSARGGGPNQPQHF,2
CAYRSAGTSGTYKYIF_CASSLVMGGDEAFF,2
CAYRSARGNYQLIW_CASSLLIWGAHEQYF,2
CAYRSASTSGTYKYIF_CATSRVNRGSF;CASSLGPDSYEQYF,2
CAYRSAYAGTASKLTF_CSAGPDSENQPQHF,2
CAYRSDSPHNDMRF_CASSEFRATWDIQYF,2
CAYRSGSWNAGGTSYGKLTF_NA,2
CAYRSKNNNARLMF_CASSPARWAGTGELFF,2
CAYRSSTGAGKSTF_CASSDPRAPGGETQYF,2
CAYRSTNTGNQFYF_CASSRTGFGYTF,2
CAYRSVNNARLMF_CASSPPQDGTYEQYF,2
CAYRTGRDDKIIF_CASSVVRGGGYNEQFF,2
CAYRTPNTGNQFYF_CAISERGGYSSGANVLTF,2
CAYRTSTSGTYKYIF_CSAREGSIQYF,2
CAYRVLQGGATNKLIF_CASSLEWRGDTGELFF,2
CAYSNNAGGTSYGKLTF_CASSIGVYGYTF,2
CAYSNNAGGTSYGKLTF_NA,2
CEEGGNTGKLIF;CAVGSQGNLIF_CATSDPLTASYEQYF,2
CGADLGGSQGNLIF_CASTPRSRGRYTGELFF,2
CGADNPHTGTASKLTF_NA,2
CGASPYSGGGADGLTF_CASSRVWGAGANVLTF,2
CGGGGNKLTF_CASSLSESSYNEQFF;CASSEDLGQGKETQYF,2
CGPLEGGSYIPTF_CASSLSQGGYHPAF;CASGGLYNEQFF,2
CGSTSGTYKYIF_CASSFLRSRLAGQETQYF,2
CGTASGSARQLTF_CSTLTAGSTDTQYF,2
CGTDLDSGNTPLVF_CASSQDRALAEEQYF,2
CGTEGRYDYKLSF_CASSPLVTQVDTQYF,2
CGTEIGLTDSWGKFQF_CASSVGNGRGETQYF,2
CGTEIGTDKLIF_CATSDLSINQPQHF,2
CGTEIRNAGNMLTF;CAVNTGFQKLVF_CASSPDTGELFF;CASSLFSQLNTEAFF,2
CGTEKGHDYKLSF_CASSLPTGELFF,2
CGTEPPRDNTNAGKSTF_NA,2
CGTERALKAAGNKLTF_CASSPRTVGGYTF,2
CGTERSYNDMRF_CASSLSIRTGNSPLHF,2
CGTESHGNTGKLIF_CASSQEAVKQFF,2
CGTESTSNYKLTF_CAWSGTFGQSGELFF,2
CGTGPRQLTF_CASREGTKNIQYF,2
CGTSSTSGGSNYKLTF;CVVQPRSARQLTF_CASSPSGNTIYF,2
CGTTGTASKLTF_CSVAQGLEYGYTF,2
CGTVAGTYKYIF_CASSFLTGDYEQYF,2
CIAIPNYGQNFVF_NA,2
CIARRSNDYKLSF_CASSFSVQSTDTQYF,2
CIAYAPGNTGKLIF_CASSYSNLAGNNEQFF,2
CIGLTSGTYKYIF;CAPGGNQGGKLIF_CSGGAPTNQETQYF,2
CIHMNNNAGNMLTF_NA,2
CILFPSNDYKLSF;CAVPAWGGGSEKLVF_CASSQDDRTGGDYEQYF,2
CILILSGAGSYQLTF_CASSTRTGGTSTDTQYF,2
CILKTGANNLFF;CAVGPVTGANSKLTF_CASSVDPSGGTSYEQYF,2
CILRAAYSGAGSYQLTF_CASSLRTVSSYEQYF,2
CILRAPFYSGGGADGLTF_CASSSLGQGGNEQFF,2
CILRATIQGAQKLVF_CASSPWTGGLDGYTF,2
CILRDAETSGSRLTF_CASSHPEFYGYTF,2
CILRDGLGGTYKYIF_CASSSRGAGEKDEQYF,2
CILRDGWETSGSRLTF;CAGPHGSGNTGKLIF_CASSFGLNGYTF,2
CILRDRDGNKLVF;CAENYGGSQGNLIF_CSAILGLAIGNEQFF,2
CILRDSYGGATNKLIF_CASGDYNSPLHF,2
CILRDVGQGAQKLVF_CASSVFTGGAETQYF,2
CILRDVKTGANSKLTF;CAASAPGAGSYQLTF_CASSRQSREAFF,2
CILRDVNLRDDKIIF_CASSAKTGDSYEQYF;CASSRRSGYSTDTQYF,2
CILRDVRAEYGNKLVF_CASSSGAGAFTGELFF,2
CILRDYNQGGKLIF_CASGLPTGEQYF,2
CILREAFGTDKLIF;CAATLNYGGSQGNLIF_CASSLDNSNQPQHF,2
CILREFNSGGSNYKLTF_CASSLVGSGNQPQHF,2
CILRFANTGNQFYF_CASSWSGGTYNEQFF,2
CILRGATNKLIF_CASSFPEAPNYGYTF,2
CILRGGGGYQKVTF_CASTTRTGGSEQFF,2
CILRGHNTNAGKSTF_CASSLGLAGTYEQYF,2
CILRVSNTGNQFYF_CAISEIGGALREQYF,2
CILSNNNAGNMLTF_NA,2
CILSPRHHTGANSKLTF_NA,2
CILTDNYGQNFVF_CASSVEDSTYNEQFF,2
CINTGGFKTIF;CAYRSAMDSNYQLIW_CSARDWTDGGVDQPQHF;CASTLLGDTEAFF,2
CINTGGFKTIF_CASTNPGVNTGELFF;CASSETGTEAFF,2
CIQGEDAGNMLTF_NA,2
CIRAPNNDMRF_CAWSVSDIAKNIQYF,2
CIRRRGGAQKLVF_CASSFGGGPGNTIYF,2
CISWNSGNTPLVF_CASSSNDRLLYGYTF,2
CIVGAQKLVF_CAISGVLGAGELFF,2
CIVGGSGAGSYQLTF_CSASSGPYEQYF,2
CIVLRYSTLTF_CASSQERTGSVGELFF,2
CIVNGPGTYKYIF_CASSLQDYKQYF,2
CIVQRSQGNLIF_CASSPPLGSTDTQYF,2
CIVRAARWTGANNLFF;CAFPSSGSARQLTF_CATSDYEGRQYF,2
CIVRAGGTSYGKLTF_CASSQDTGGVSGYTF,2
CIVRALGLGGSQGNLIF;CATDTENSGGGADGLTF_CASSVVEGSGELFF,2
CIVRAYNFNKFYF_CASSYEAANTEAFF,2
CIVRDNQGGKLIF_CASSERTGPYNEQFF,2
CIVREINNAGNMLTF_CASSYDGVSYNEQFF,2
CIVRGINDMRF_CASSNFGTEAFF,2
CIVRLTGNQFYF;CAGAGTGANNLFF_CASERIGDRAGNTIYF,2
CIVRNEGTYKYIF_CAIRQGAGNTEAFF,2
CIVRNTGANSKLTF_CASSIDHAGTGVGYTF,2
CIVRPSAGGADGLTF_CASSYSRRLVGRVEQFF,2
CIVRPVTGGGNKLTF_CASSTTGGAGSPLHF,2
CIVRSRVAAGNKLTF;CAETTSGTYKYIF_CSVEIGGEKLFF;CASSYSGQGDSPLHF,2
CIVRSYNDYKLSF_CASLPDRSSYGYTF,2
CIVRVAKSNFGNEKLTF;CAYGSSNTGKLIF_CASSHSREEGTEAFF,2
CIVRVASTGGFKTIF;CAFMTQSYNAGNMLTF_CASSFFAGSTEAFF;CASSERGSYGYTF,2
CIVRVDVNTDKLIF;CAVSDPTGGSNYKLTF_CASSATGGQETQYF,2
CIVRVEERDDKIIF_CASRTDKSTQYF,2
CIVRVEGGSYIPTF_CSVTDTGAGRYEQYF,2
CIVRVGDAGNNRKLIW_CASRAGGPGNEQFF,2
CIVRVPDTGRRALTF_CSASQGGGWNTEAFF,2
CIVRVPGKLIF_CASSQQGLRTQYF,2
CIVRVPLLIKAAGNKLTF_CASSTSSGPQETQYF,2
CIVRVRDDKIIF_CASRSTGSSPLHF,2
CIVRVSGNGNQFYF_CSANHRVGTDTQYF,2
CIVRVTRNTPLVF_CSADSPRDRSNSPLHF,2
CIVRVVGNQFYF_CASSLEDSPSGGYTF,2
CIVRYNYGQNFVF_CASSLTGTGNEKLFF,2
CIVSLQGKLIF_CASRPFPAGLAGASYEQYF,2
CIVSPTDKLIF_CASSSAKDTQYF,2
CIVSQR;CALDHSGNTPLVF_CSARAGRQGELFF,2
CIVSRLNRDDKIIF_CSARQLGGASYNEQFF,2
CIVSYGGATNKLIF;CAASPPQEAGTALIF_CSASGQGVRMNTEAFF,2
CIVTDANSGYALNF_CSVVHSNSYEQYF,2
CLKETSGSRLTF_CASRGKDSRNTEAFF,2
CLLGDYSGGSNYKLTF_CSARVKGMVGDAYGYTF,2
CLLGHNSGGSNYKLTF;CAVEGGANSKLTF_CASRETAGAATEAFF,2
CLLPNTGNQFYF_NA,2
CLVEDTGRRALTF_CASSETTAGGTEAFF,2
CLVGALPSSASKIIF_CAWSVVPRAYEQYF,2
CLVGALTGGSQGNLIF_CASSQTRGNEQYV,2
CLVGASGGSYIPTF_CASSQEFQGGHGYTF,2
CLVGDGGPVKAAGNKLTF_CAWSEGQGASPLHF,2
CLVGDGGTRDDKIIF_CSASPPGTQPQHF,2
CLVGDGRDDKIIF;CAFMVGGGYQKVTF_CASSLSRDKNTEAFF;CASSDGLAGSYNEQFF,2
CLVGDIGGGADGLTF_CASSPVGIYEQYF,2
CLVGDKTLGRLYF;CALSSSSASKIIF_CASSLSFRGTEAFF,2
CLVGDLNRDDKIIF_CSARPGGNTDTQYF,2
CLVGDNFNKFYF_CASSYSSGNYGYTF,2
CLVGDRLSGNTPLVF_CASSHSTANNSPLHF,2
CLVGDRTAYSGAGSYQLTF_CASSLDGGGQFNTEAFF,2
CLVGDTGGGNKLTF_CASSCDPSLMNTEAFF;CASSDWRQNTGELFF,2
CLVGDTRGSGNTGKLIF;CAASSYGSGSRLTF_CSALMSAIPNTIYF;CASSPNTGYEQYF,2
CLVGDTRGSGNTGKLIF_CSALMSAIPNTIYF,2
CLVGERDTGGFKTIF_CSVGGRTGTEAFF,2
CLVGGDNQGGKLIF_CASSFTGYEQYF,2
CLVGGYSTLTF_CASSITSGGSYNEQFF,2
CLVGMDRGAGSYQLTF_CASSLDRVEETQYF,2
CLVGPRGAGKSTF_CASRGDGYGYTF;CAIARGRNNEQFF,2
CLVGPTGGGADGLTF_CASRSAAKWETQYF,2
CLVGPYAGKSTF;CALTPSAGGYNKLIF_CASSPPGRWPATAQYF,2
CLVGRSGYSTLTF;CALSGGFSGGYNKLIF_CASNLGQNSNQPQHF;CASSAGPYNSPLHF,2
CLVGSSGGYNKLIF_CASSIENSPLHF,2
CLVGVSDYKLSF_CASTGGAYEQYF;CASRVGRDIEAFF,2
CLVIGNYGQNFVF;CAVRDGDYKLSF_CASSESPDTYNEQFF,2
CLVPGRDDKIIF;CAGEGRPSGGSYIPTF_CASSQGTSDYEQYF,2
CLVRNYGQNFVF_CASSESGSTYNEQFF,2
CLVVFSGGYNKLIF_CARSSVGPSSYEQYF,2
CPQGQKLLF;CAATSGFSDGQKLLF_CSARATSGYLHF,2
CTTMNTGFQKLVF_CSARGDSRRFNEQFF,2
CVAGGNQGGKLIF_CASRFRATGADTQYF,2
CVALTGGGNKLTF_CASRGGRRGSTDTQYF,2
CVGNTDKLIF_CASSTGQITYEQYF,2
CVGTRNARLMF_CASSDDRGVTDTQYF,2
CVLIF_CASSDSGQNTGELFF,2
CVLMDSSYKLIF_CASSFSGTGGDPVLGIPEAFF,2
CVLTGGGNKLTF_CASSIGLASTGELFF,2
CVPNQTPYKYIF_CASSEGTGDYGYTF,2
CVPWRYKLSF_CASSFPGSSYNEQFF,2
CVSFMDTGRRALTF_CASSGFNKREGRSYNEQFF,2
CVVGDMEYGNKLVF_CASSIAGGLSEQFF,2
CVVGDYKLSF_CASSVEGAENTEAFF,2
CVVGKAAGNKLTF_CASSPRQGQIYEQYF,2
CVVIKVLGYGNKLVF_CSVLRTRGIYNEQFF;CASFGMVNYGYTF,2
CVVIKVLGYGNKLVF_NA,2
CVVIPSGAGSYQLTF_CASSEARGTEAFF,2
CVVIPSGSARQLTF_CASSPGTGIDYGYTF,2
CVVIPSGTYKYIF_CASNLQGGTGELFF,2
CVVITTDSWGKLQF_CATSRDSKREAPYEQYF,2
CVVKDSGTYKYIF_CASKAGGPEEQFF,2
CVVKNRDDKIIF_CATSRVGDSTYEQYF,2
CVVNARLMF_CASSLIPGQGAEKLFF,2
CVVNEDSWGKLQF_CSARDAPWEGLAVTGELFF,2
CVVNGPRNNNARLMF_CASSDRTGQETQYF,2
CVVNIMSDGQKLLF_CASSLASGGGETQYF,2
CVVNIRGAGSYQLTF;CSLIGTSYGKLTF_CASRPMSSGNTIYF,2
CVVNLKQAGTALIF_CASSLGGQGANYGYTF,2
CVVNLPQYTGGFKTIF_CASSPGTGTYGYTF,2
CVVNMGYSTLTF_CASSPAGTVLYTF,2
CVVNMGYSTLTF_NA,2
CVVNMIPPGGSYIPTF_CASSERGALGTGELFF,2
CVVNMKTSYDKVIF_CASSLNDAGGYEQYF,2
CVVNPQQGSASKIIF_CASSSPDREKYEQYF,2
CVVNRGDTSYGKLTF_CASSLGRHTEAFF,2
CVVNRGGSYIPTF_CASSLGGMNTEAFF,2
CVVNRGLRSNTGKLIF_CAWSSGNTIYF,2
CVVNRGLYNTDKLIF_CASRRPEEGEPGQETQYF,2
CVVNRSDKLIF_CASSPDIEQFF,2
CVVNTRQNTGFQKLVF_CASSQGAGTGYYEQYF,2
CVVNVGGGNKLTF_CSARGELPGQESYNEQFF,2
CVVPDNYGQNFVF_CASSGINSPLHF,2
CVVPLPNFGNEKLTF_CASSLTIAGGPYEQYF,2
CVVRGSGTYKYIF_CADGRPLTDTQYF,2
CVVRGTGANNLFF_CASSQGWQSGHTGELFF,2
CVVRKNTGGFKTIF_CSARPGQETYEQYF,2
CVVRPTGGSYIPTF_CASSEGRQGAGGGYTF,2
CVVRSGGSYIPTF_CSASSETWGADTQYF,2
CVVRSGGYNKLIF_CASSDSLGVGDRGYNEQFF,2
CVVRTNTGGFKTIF_CSARGLRETYEQYF,2
CVVRYNTGGFKTIF_CASSGTSGNNEQFF,2
CVVSAGGGNKLTF_CASSPVLSSYEQYV,2
CVVSAGTGANNLFF_CASSYADTEAFF,2
CVVSALMGNTGKLIF_CASSRTDYNEQFF,2
CVVSASAGGTSYGKLTF_CASSQDEPPGGSYNEQFF,2
CVVSDQSSYKLIF_CASSADRDDFYEQYF,2
CVVSDQTGANNLFF_CASSQQTSWGEQYF,2
CVVSDRAGTYKYIF_CASSPTSGGSYEQYF,2
CVVSDRDDKIIF_CASSFSGTSNEQFF,2
CVVSDSNYQLIW_CASSLYTGEQPQHF,2
CVVSERRNTGFQKLVF_CATSDPRDRAADTQYF,2
CVVSGQAGTALIF_CAAGGYTGELFF,2
CVVSLTTDSWGKLQF_CASSLRGDSTDTQYF,2
CVVSSLRGYQKVTF_CASTWTGNYGYTF,2
CVVSSRMDSSYKLIF_CASSPGTGIYNEQFF,2
CVVSVGEGAQKLVF_CSVELNYGYTF,2
CVVSVPSNFGNEKLTF_CASAQGGTYNEQFF,2
CVVSVVGGADGLTF_CASRRAADGTASYEQYF,2
CVVTDSWGKLQF_CASSSEPNEKLFF,2
CVVTLNTGGFKTIF_CASSIDAVGTSGGETQYF,2
CVVTLNTGGFKTIF_NA,2
CVVTLSKSGGSYIPTF_CASSLGTLGTQEF,2
CVVTNRPPGGGNKLTF_CASSEGVRAANTGELFF,2
CVVTNTDKLIF_CARQAASANEKLFF,2
CVVTPNTNAGKSTF_CAISAGATNEKLFF,2
CVVTRGFKTIF_CSARGRDMRSLGNTEAFF,2
CVVTSYSSASKIIF_CASSLERDSYREQYF,2
NA_CAIRDRVGQETQYF,2
NA_CAISESGTHVGYNEQFF,2
NA_CAISESVQGAWEQYF,2
NA_CAISGASTSSYEQYF,2
NA_CAISGDRTIYGYTF,2
NA_CAISGSAGGFSDTQYF,2
NA_CAISRGTGGTDSPLHF,2
NA_CAISRSDSPDEQYF,2
NA_CAISTMTSGTYEQYF,2
NA_CASAKHIDLSYEQYF,2
NA_CASARGRQETQYF,2
NA_CASAVGVNTEAFF,2
NA_CASEGPASGYTF,2
NA_CASEWGGGFSDTQYF,2
NA_CASGDLEFHEQFF,2
NA_CASGDPNYGYTF,2
NA_CASGDSEKRTYEQYF,2
NA_CASGPGGQPQHF,2
NA_CASGPGTSRGYTF,2
NA_CASGRQPQHF,2
NA_CASHPGFRGGTGELFF,2
NA_CASHQGRWSTDTQYF,2
NA_CASIHGASYTDTQYF,2
NA_CASIRTDDNGYTF,2
NA_CASKETNSEGYTF,2
NA_CASKGSTEAFF,2
NA_CASKPTGRFGYTF,2
NA_CASKRTGVFDEQYF,2
NA_CASKTGSANTGELFF,2
NA_CASRDQPVVGNQPQHF,2
NA_CASRDTGGASYGYTF,2
NA_CASRETGGGEKLFF,2
NA_CASRGAGTGSTGELFF,2
NA_CASRGSTEAFF,2
NA_CASRGTRYGETQYF,2
NA_CASRLGGRETQYF,2
NA_CASRLNIESTEAFF,2
NA_CASRLQGGNTEAFF,2
NA_CASRLQGNTEAFF,2
NA_CASRPPRGLPYEQYF,2
NA_CASRPTGVSGNTIYF,2
NA_CASRQLDTQYF,2
NA_CASRRDGSPMDGYTF,2
NA_CASRRENGYEQYF,2
NA_CASRRGSFNEQFF,2
NA_CASRRNTDFNQPQHF,2
NA_CASRRTGDGYTF,2
NA_CASRRTGDTGELFF,2
NA_CASRSGGAGGGEQFF,2
NA_CASRSGTYTANEQFF,2
NA_CASRSSTSGGVGEQYF,2
NA_CASRTGDTLWDEQYF,2
NA_CASRTSGRLNEQFF,2
NA_CASSADRWNEQFF,2
NA_CASSAGGAGYGYTF,2
NA_CASSAGGPTNEKLFF,2
NA_CASSAGGSGANVLTF,2
NA_CASSAGRGNSPLHF,2
NA_CASSAGTGDTGELFF,2
NA_CASSANRIYGYTF,2
NA_CASSAQAAGGADTQYF,2
NA_CASSASYEQFF,2
NA_CASSATSGGPNEQFF,2
NA_CASSDFWGHYNEQFF,2
NA_CASSDGGAAGELFF,2
NA_CASSDNPSGAYEQYF,2
NA_CASSDRDTGELFF,2
NA_CASSDRRTQETQYF,2
NA_CASSDSETNLNEQFF,2
NA_CASSDSGVTGELFF,2
NA_CASSDSSSGGGTDTQYF,2
NA_CASSDSTGSYTF,2
NA_CASSDWTSGEDQTDTQYF,2
NA_CASSEAGGTDTQYF,2
NA_CASSEAVQGAQGRTGELFF,2
NA_CASSEGGAGYGYTF,2
NA_CASSEGGSGYGYTF,2
NA_CASSEGPSGELFF,2
NA_CASSEGRNGETQYF,2
NA_CASSEKPQGAPTEAFF,2
NA_CASSELAGGTDTQYF,2
NA_CASSEPQDYLNYEQYF,2
NA_CASSERGNGYTF,2
NA_CASSERGQGFRTQYF,2
NA_CASSETGVTYEQYF,2
NA_CASSFFSSEAEAFF,2
NA_CASSFGAGSTDTQYF,2
NA_CASSFGGRGYEQYF,2
NA_CASSFGRAGKNIQYF,2
NA_CASSFGRETDTQYF,2
NA_CASSFGRKAGELFF,2
NA_CASSFNGLAGPSSYEQYF,2
NA_CASSFPPGDSSYSNQPQHF,2
NA_CASSFRLPGANVLTF,2
NA_CASSFSAGPEIGFF,2
NA_CASSFSSDLLGGTQYF,2
NA_CASSFWNQETQYF,2
NA_CASSGDNQPQHF,2
NA_CASSGGDTGELFF,2
NA_CASSGGLDTGELFF,2
NA_CASSGGTSGVFETQYF,2
NA_CASSGISNEQFF,2
NA_CASSGLAGGPDTQYF,2
NA_CASSGPINEQFF,2
NA_CASSGQLNTEAFF,2
NA_CASSGTGGRTEAFF,2
NA_CASSHRLAGDPSYNEQFF,2
NA_CASSHRLAGRTDTQYF,2
NA_CASSHSGRGNIGSPLHF,2
NA_CASSHTTGRTNEQFF,2
NA_CASSHYWSYEQYF,2
NA_CASSIDGGQETQYF,2
NA_CASSIGGQIYTEAFF,2
NA_CASSIGGTEAFF,2
NA_CASSIPGLYNEQFF,2
NA_CASSIQSTDTQYF,2
NA_CASSISQGFYTEAFF,2
NA_CASSIWTSGLYNEQFF,2
NA_CASSKNRGPSDIQYF,2
NA_CASSKRPPGPSAPNQPQHF,2
NA_CASSLAGGEESPLHF,2
NA_CASSLAGNYGYTF,2
NA_CASSLAGVAYEQYF,2
NA_CASSLALAGPTYEQYF,2
NA_CASSLAPSSGNTIYF,2
NA_CASSLAPTGLEQPQHF,2
NA_CASSLAREETQYF,2
NA_CASSLARGQGGTEAFF,2
NA_CASSLARHEQFF,2
NA_CASSLATQSYNEQFF,2
NA_CASSLAWGSRATNYGYTF,2
NA_CASSLDGRSEQYF,2
NA_CASSLDQGRVVEQYF,2
NA_CASSLDQINEQFF,2
NA_CASSLDRQTSGIYNEQFF,2
NA_CASSLDRRAEAFF,2
NA_CASSLEGPGELFF,2
NA_CASSLEPSGSQETQYF,2
NA_CASSLEQGLGYTF,2
NA_CASSLFATSGSHGDEQFF,2
NA_CASSLFSGNTIYF,2
NA_CASSLFSTGRYEQYF,2
NA_CASSLGESSYGYTF,2
NA_CASSLGGLENEITDTQYF,2
NA_CASSLGGRGNTEAFF,2
NA_CASSLGGSGDTQYF,2
NA_CASSLGGTGYGYTF,2
NA_CASSLGKNTEAFF,2
NA_CASSLGLGGNTEAFF,2
NA_CASSLGPEETQYF,2
NA_CASSLGPNSPLHF,2
NA_CASSLGQGTDTQYF,2
NA_CASSLGQNMNTEAFF,2
NA_CASSLGRLGSPGSSYEQYF,2
NA_CASSLGRTLNEQFF,2
NA_CASSLGSAVYNEQFF,2
NA_CASSLGSGRSNQPQHF,2
NA_CASSLGVGQVVAEAFF,2
NA_CASSLHGGGFNEQFF,2
NA_CASSLLAGAPGANVLTF,2
NA_CASSLLAVNTGELFF,2
NA_CASSLLAYNEQFF,2
NA_CASSLLQGDTDTQYF,2
NA_CASSLLTSGGETQYF,2
NA_CASSLLVSPGELFF,2
NA_CASSLNFGRENEQFF,2
NA_CASSLNPGQKETQYF,2
NA_CASSLNRDRVTEAFF,2
NA_CASSLNRGGLDF,2
NA_CASSLPFREAPFSPLHF,2
NA_CASSLPWGTDTQYF,2
NA_CASSLQGNTEAFF,2
NA_CASSLQYNEQFF,2
NA_CASSLRTGTGLGTQYF,2
NA_CASSLRTPQGPDTQYF,2
NA_CASSLSEASDNEQFF,2
NA_CASSLSQGFYEQYF,2
NA_CASSLSQGPQVAQHF,2
NA_CASSLSRGGYTF,2
NA_CASSLTALLRSYNEQFF,2
NA_CASSLTGESSYNEQFF,2
NA_CASSLTGPQHF,2
NA_CASSLTPGQGTDTQYF,2
NA_CASSLTPTGNTIYF,2
NA_CASSLVLRSPGEQYF,2
NA_CASSLVQGASGYTF,2
NA_CASSLVSGGPSTDTQYF,2
NA_CASSLVWATDTGELFF,2
NA_CASSLWRQETQYF,2
NA_CASSLWVRSISYEQYF,2
NA_CASSLYAGGEGGTQYF,2
NA_CASSLYKGSGANVLTF,2
NA_CASSLYNEQFF,2
NA_CASSNVGRNEQFF,2
NA_CASSPARETNTGELFF,2
NA_CASSPDDGTGGWVWTEAFF,2
NA_CASSPDIEQFF,2
NA_CASSPDSYGNTIYF,2
NA_CASSPEWGAADTQYF,2
NA_CASSPGEEGNIQYF,2
NA_CASSPGGLATDTQYF,2
NA_CASSPGLAGGIKETQYF,2
NA_CASSPGQAGGTQYF,2
NA_CASSPGQGASSPLHF,2
NA_CASSPGSTSGNTIYF,2
NA_CASSPGTGGVYSNQPQHF,2
NA_CASSPGTQKGATEAFF,2
NA_CASSPIGPPETQYF,2
NA_CASSPKTSTGELFF,2
NA_CASSPLLGGKNTEAFF,2
NA_CASSPNPGSGADTQYF,2
NA_CASSPNSTPGVGYF,2
NA_CASSPPDSYLWETQYF,2
NA_CASSPPGLNTGELFF,2
NA_CASSPPPGTSGIVETQYF,2
NA_CASSPPRMNTEAFF,2
NA_CASSPPRTSGGSVRETQYF,2
NA_CASSPQGQNTEAFF,2
NA_CASSPQGSTDTQYF,2
NA_CASSPQTGTGYGYTF,2
NA_CASSPRDRDYEQYF,2
NA_CASSPRDRGSPGANVLTF,2
NA_CASSPREGQGYGYTF,2
NA_CASSPRGTSGGAYNEQFF,2
NA_CASSPRTVANYGYTF,2
NA_CASSPTGAAEQYF,2
NA_CASSPTGALEAFF,2
NA_CASSPWGISGSYEQYF,2
NA_CASSPWTGYGYTF,2
NA_CASSQAAGGDNEQFF,2
NA_CASSQAPGLAGADTQYF,2
NA_CASSQDLGTDQPQHF,2
NA_CASSQDPGLGNTEAFF,2
NA_CASSQDREVSEQYF,2
NA_CASSQDSGGNTEAFF,2
NA_CASSQDTAVVGEQFF,2
NA_CASSQDWAGQPNTEAFF,2
NA_CASSQEGGYGYTF,2
NA_CASSQEPLAGPMGTQYF,2
NA_CASSQEQGGTEAFF,2
NA_CASSQERGGQETQYF,2
NA_CASSQERQSGELFF,2
NA_CASSQEVQHNSPLHF,2
NA_CASSQGANSPLHF,2
NA_CASSQGAQETQYF,2
NA_CASSQGLADTDTQYF,2
NA_CASSQGNYGYTF,2
NA_CASSQGPWPVRIYEQYF,2
NA_CASSQGQGEVYEQYF,2
NA_CASSQGQRGVRYTDTQYF,2
NA_CASSQGTGLSTDTQYF,2
NA_CASSQSDRGRGQETQYF,2
NA_CASSQSLIASDEQFF,2
NA_CASSQSPSETQYF,2
NA_CASSQTSSGGGTDTQYF,2
NA_CASSQYGSNQPQHF,2
NA_CASSRDGNTEAFF,2
NA_CASSRDSNYGYTF,2
NA_CASSREPQSHTDTQYF,2
NA_CASSRESAGNTIYF,2
NA_CASSRLAGVNEQFF,2
NA_CASSRLRSSDTQYF,2
NA_CASSRRGYNQPQHF,2
NA_CASSRRTSGGPIETQYF,2
NA_CASSSDAGWEQYF,2
NA_CASSSDQGISNQPQHF,2
NA_CASSSDYHQGGEQFF,2
NA_CASSSGGIGQPQHF,2
NA_CASSSGLDSYEQYF,2
NA_CASSSGYGYTF,2
NA_CASSSHNEQFF,2
NA_CASSSLAGGPDTQYF,2
NA_CASSSLAGPNEQYV,2
NA_CASSSLVFNQPQHF,2
NA_CASSSPLGTDSNQPQHF,2
NA_CASSSRSTRADTQYF,2
NA_CASSSSGETQYF,2
NA_CASSSTAQAANVLTF,2
NA_CASSSTGGNTEAFF,2
NA_CASSSTGSNSPLHF,2
NA_CASSSTSGGASYEQYF,2
NA_CASSSVADTQYF,2
NA_CASSSVDFLETQYF,2
NA_CASSSWGLSYNEQFF,2
NA_CASSTAGTGILSNQPQHF,2
NA_CASSTGAWTVSGYTF,2
NA_CASSTRGGGRETQYF,2
NA_CASSTRPGGANVLTF,2
NA_CASSTSSGPQETQYF,2
NA_CASSTYPNTEAFF,2
NA_CASSVAPGNTEAFF,2
NA_CASSVARTGGDGYTF,2
NA_CASSVASDRGGHSPLHF,2
NA_CASSVELSTSGYGDTQYF,2
NA_CASSVESEGNTIYF,2
NA_CASSVGEGRVVF,2
NA_CASSVGFRGYTF,2
NA_CASSVLSYNEQFF,2
NA_CASSVRQGRAAKNIQYF,2
NA_CASSVTEMNTEAFF,2
NA_CASSWPGQGNTEAFF,2
NA_CASSYAGRQGASPLHF,2
NA_CASSYAPGTENTEAFF,2
NA_CASSYGGSYEQYF,2
NA_CASSYGGTSGINEQFF,2
NA_CASSYGRGGYEQYF,2
NA_CASSYLDREGGYTF,2
NA_CASSYLPRDQQDKNTEAFF,2
NA_CASSYPTGELFF,2
NA_CASSYRGDRAEAFF,2
NA_CASSYSGGGGADTQYF,2
NA_CASSYSGNPPLHF,2
NA_CASSYSKPRTRANEQFF,2
NA_CASSYSWAGGHSRSYEQYF,2
NA_CASSYTREQVF,2
NA_CASSYWDRASGANVLTF,2
NA_CASTAMPGQGPGAKNIQYF,2
NA_CASTDGQKNTEAFF,2
NA_CASTLAETSTDTQYF,2
NA_CASTLGGGPRGTEAFF,2
NA_CASTLTGVSYEQYF,2
NA_CASTNPGVNTGELFF,2
NA_CASTPGHKYEQYF,2
NA_CASTPRRGANSPLHF,2
NA_CASTSGQVAYEQYF,2
NA_CASTTDRNNQPQHF,2
NA_CASTTMEGRNGELFF,2
NA_CATKPTHFMNTEAFF,2
NA_CATKSGLYTEAFF,2
NA_CATNRDRRTDTQYF,2
NA_CATRGRGETYNEQFF,2
NA_CATSDPNPSGGTDTQYF,2
NA_CATSDPSGTGGNEQFF,2
NA_CATSDSTGARTGELFF,2
NA_CATSETGAAKNIQYF,2
NA_CATSGTGANVLTF,2
NA_CATSLASGSQRQFF,2
NA_CATSNSGGPGNNEQFF,2
NA_CATSRAANTEAFF,2
NA_CATSRDNWDSRSPLHF,2
NA_CATSRDPTGVSDTQYF,2
NA_CATSRMEVGTGSREQYF,2
NA_CATSSGDPNQPQHF,2
NA_CATSSGEGGYQETQYF,2
NA_CATSSRSFYYNEQFF,2
NA_CATSSSGGSLDF,2
NA_CATVFQPNTEAFF,2
NA_CATWDRDFYNEQFF,2
NA_CATYSGDYGYTF,2
NA_CAWGPREGKQYF,2
NA_CAWGYGTGFTEAFF,2
NA_CAWNWVTGELFF,2
NA_CAWSDSGNQPQHF,2
NA_CAWSEQAKEAFF,2
NA_CAWSGGSGELFF,2
NA_CAWSHFVDSLNTEAFF,2
NA_CAWSLTPDAYNEQFF,2
NA_CAWSPIREQFF,2
NA_CAWSSSDRVNTEAFF,2
NA_CAWSVRGVNRDTQYF,2
NA_CAWSVSDIAKNIQYF,2
NA_CSAGNSGNTIYF,2
NA_CSAKHRDRGSSPLHF,2
NA_CSALMSAIPNTIYF,2
NA_CSALTGGSNQPQHF,2
NA_CSAMMGAPEAFF,2
NA_CSANFLGLAGGAIEDTQYF,2
NA_CSANTLTGTSGGIETQYF,2
NA_CSAPSNWGYGYTF,2
NA_CSAPTLQGADTEAFF,2
NA_CSAPTVNTEAFF,2
NA_CSAQDPRRVNTEAFF,2
NA_CSAQQGARTEAFF,2
NA_CSAQTGLNEKLFF,2
NA_CSARAGQGDEQYV,2
NA_CSARALAGYNEQFF,2
NA_CSARALRDTEQFF,2
NA_CSARARTGTRNSPLHF,2
NA_CSARASGGFETQYF,2
NA_CSARDGLEPYNEQFF,2
NA_CSARDGSRGGVTDTQYF,2
NA_CSARDMGQIYEQYF,2
NA_CSARDPHATYYTEAFF,2
NA_CSARDPNTAGSYNEQFF,2
NA_CSARDREPYEQYF,2
NA_CSARDTASYGELFF,2
NA_CSARDVAGALTYEQYF,2
NA_CSARDVLGTSNEKLFF,2
NA_CSAREDGSYEQYF,2
NA_CSAREQGLNTGELFF,2
NA_CSARGIGGAGQPQHF,2
NA_CSARGLIWRELEDTQYF,2
NA_CSARGRSQKNQPQHF,2
NA_CSARKERGGLNEQFF,2
NA_CSARKRLADTQETQYF,2
NA_CSARNIL,2
NA_CSARQSSGGDTQYF,2
NA_CSARSAGQGGNTEAFF,2
NA_CSARTLLTDNSPLHF,2
NA_CSARTSDTRETQYF,2
NA_CSARVAGPAYEQYF,2
NA_CSARVTSGNTQYF,2
NA_CSARVYTEAFF,2
NA_CSARYGAQETQYF,2
NA_CSASGLLGGEETQYF,2
NA_CSASGQGEYF,2
NA_CSASLGPGSGDQPQHF,2
NA_CSASPLAGGPYEQFF,2
NA_CSASRGGGVTEAFF,2
NA_CSASSETWGADTQYF,2
NA_CSASSPGLAGYPRDTQYF,2
NA_CSATETGEYGYTF,2
NA_CSATEWASGSGETQYF,2
NA_CSATVRLGLVNEQYF,2
NA_CSGERQGMKNEQFF,2
NA_CSVELAGGPGDTQYF,2
NA_CSVGAGSEQYF,2
NA_CSVGGGQGADTQYF,2
NA_CSVPDRADEAFF,2
NA_CSVQDRNTGELFF,2
NA_CSVVRGGTEAFF,2
